,lotSize,age,landValue,livingArea,pctCollege,bedrooms,fireplaces,bathrooms,rooms,fuel,waterfront,newConstruction,PriceCat
1,0.88,17,19400,1092,35,3,0,1,6,oil,No,No,1
2,1,12,8600,1056,35,3,0,1,7,electric,No,No,1
3,0.43,21,5600,1600,39,3,0,1.5,4,electric,No,No,1
4,0.32,1,6200,1576,39,3,0,2.5,7,gas,No,Yes,1
5,0.03,24,5100,2080,39,3,0,2,6,oil,No,No,1
6,0.36,16,5200,1600,39,3,0,1.5,4,electric,No,No,1
7,4,28,5500,2224,39,4,0,3,10,oil,No,No,2
8,1.83,126,6000,1656,39,3,0,1,6,oil,No,No,1
9,3,26,4500,1170,39,4,0,1.5,5,oil,No,No,1
10,0.43,53,2700,2461,39,4,1,2,10,oil,Yes,No,2
11,0.44,56,19400,1544,71,3,1,1.5,7,oil,No,No,1
12,1.24,51,24800,1220,71,2,2,1,4,oil,No,No,1
13,0.46,3,15200,1858,52,3,1,2.5,7,gas,No,No,1
14,0.87,9,41100,2219,64,3,1,2,8,gas,No,No,2
15,1.8,201,25500,1876,52,3,0,2.5,5,oil,No,No,2
16,0.46,1,15200,2026,52,4,1,2.5,6,gas,No,No,1
17,0.91,19,20200,1671,71,4,1,3,8,gas,No,No,1
18,0.46,1,15200,2060,52,4,1,2.5,7,gas,No,No,2
19,0.59,0,17300,1884,52,4,1,2.5,9,gas,No,No,1
20,7.24,43,36600,2022,71,4,2,3,6,gas,No,No,2
21,0.19,0,20700,2394,71,4,1,2.5,7,gas,No,No,2
22,0.46,45,20200,1390,71,3,1,1.5,6,gas,No,No,1
23,0.41,32,27100,1954,71,4,0,2.5,8,gas,No,No,1
24,0.78,54,24500,1554,71,3,1,1.5,5,oil,No,No,1
25,0.89,9,41600,1976,64,3,0,2.5,6,gas,No,No,2
26,1.34,0,44400,2479,71,4,1,2.5,10,gas,No,No,2
27,1,0,17100,2714,71,4,1,2.5,9,gas,No,No,2
28,1,98,15500,797,52,2,0,1,3,oil,No,No,1
29,0.27,54,8900,1500,71,3,0,2.5,7,gas,No,No,1
30,0.71,73,61000,1838,71,4,0,2,8,oil,Yes,No,2
31,0.9,48,19000,1042,71,2,1,2,3,gas,No,No,1
32,0.24,10,8000,1782,52,3,0,2.5,6,gas,No,No,1
33,0.06,16,1600,1480,52,2,1,2.5,5,gas,No,No,1
34,0.55,20,13800,1426,52,3,1,2,6,gas,No,No,1
35,0.34,32,11100,1404,52,3,0,2,5,gas,No,No,1
36,0.19,15,3400,1480,52,3,1,1.5,5,gas,No,No,1
37,0.23,135,8100,1344,52,3,0,1,5,gas,No,No,1
38,0.07,14,1800,1480,52,2,1,2.5,5,gas,No,No,1
39,0.09,15,2400,1480,52,3,1,1.5,7,gas,No,No,1
40,0.25,10,8400,1596,52,3,0,2.5,6,gas,No,No,1
41,0.47,15,27200,1768,52,3,1,2,5,electric,No,No,1
42,0.36,10,12100,1348,52,2,1,2,3,gas,No,No,1
43,0.07,14,1800,1480,52,3,1,1.5,8,gas,No,No,1
44,0.11,225,3900,1483,52,3,0,1,7,gas,No,No,1
45,0.23,25,8300,1576,52,4,1,1.5,5,gas,No,No,1
46,3.16,15,24100,1008,52,2,0,1,7,electric,No,No,1
47,0.08,0,32000,2332,52,4,0,2.5,9,gas,No,Yes,2
48,0.57,30,7500,1064,52,3,1,1,5,oil,No,No,1
49,0.5,12,15300,2428,52,4,1,2.5,11,gas,No,No,2
50,1,16,26600,1310,52,3,1,2,7,electric,No,No,1
51,0.5,0,32000,1662,52,3,0,2,7,gas,No,Yes,2
52,0.55,0,4400,2000,52,4,0,2.5,7,gas,No,Yes,1
53,0.1,14,2600,1480,52,3,1,1.5,6,gas,No,No,1
54,0.5,0,32000,2969,52,4,1,4,10,gas,No,Yes,2
55,0.31,10,10400,1542,52,3,0,2.5,5,gas,No,No,1
56,0.28,18,6300,1527,52,4,0,2,7,oil,No,No,1
57,0.06,0,32000,2195,52,4,0,2.5,8,gas,No,Yes,2
58,0.06,14,1600,1480,52,3,1,1.5,6,gas,No,No,1
59,0.46,53,9200,1452,52,3,0,2,7,oil,No,No,1
60,0.1,0,32000,2360,52,4,0,2.5,10,gas,No,Yes,2
61,2.12,32,19000,1440,52,3,1,1,8,oil,No,No,1
62,0.06,14,1600,1480,52,2,1,2.5,5,electric,No,No,1
63,0.21,125,7300,1879,52,3,0,2.5,6,gas,No,No,1
64,0.06,14,1600,1480,52,3,0,1.5,6,gas,No,No,1
65,0.26,11,8700,1792,52,3,0,2.5,8,gas,No,No,1
66,0.29,2,25000,1386,44,3,0,2.5,5,gas,No,No,1
67,1.29,14,10300,1676,44,2,1,2,3,electric,No,No,1
68,1,0,4000,768,22,4,0,2,9,gas,No,No,1
69,0.88,16,10000,1560,22,3,1,1.5,8,electric,No,No,1
70,0.52,91,5000,1000,22,3,0,1,6,oil,No,No,1
71,0.07,15,18900,1676,51,4,1,1.5,9,electric,No,No,1
72,0.32,11,19400,1656,51,3,0,1.5,6,electric,No,No,1
73,0.92,11,20600,2300,51,3,1,1.5,7,electric,No,No,1
74,0.46,25,18700,1712,51,3,1,1,6,gas,No,No,1
75,0.46,26,18700,1350,51,3,0,1.5,5,gas,No,No,1
76,0.11,15,18900,1676,51,3,1,2.5,6,gas,No,No,1
77,0.4,103,10500,1317,51,3,0,1.5,7,gas,No,No,1
78,0.87,30,8700,1056,51,3,1,2,8,gas,No,No,1
79,0.59,13,19900,912,51,3,0,1,7,gas,No,No,1
80,0.93,18,4500,1232,44,2,0,2,3,electric,No,No,1
81,0.15,68,2000,1380,44,3,1,1,5,gas,No,No,1
82,0.59,10,3100,936,44,3,0,1,6,gas,No,No,1
83,0.33,49,3400,720,44,3,0,1,4,gas,No,No,1
84,0.32,30,6500,1628,44,2,1,1.5,4,oil,No,No,1
85,0.46,41,5000,1144,44,3,0,1.5,6,gas,No,No,1
86,0.48,2,3000,1827,44,3,0,2.5,9,gas,No,No,1
87,2.37,8,3300,1784,44,3,1,2,6,oil,No,No,2
88,0.83,16,3700,1851,44,3,1,2.5,8,gas,No,No,1
89,1,0,3500,2194,44,4,0,2.5,8,gas,No,Yes,2
90,0.21,75,900,920,44,2,0,1,6,oil,No,No,1
91,0.27,36,3800,1280,44,3,0,1,5,gas,No,No,1
92,0.72,43,4600,1232,44,3,1,1,5,electric,No,No,1
93,0.36,45,3600,1406,44,3,0,1.5,6,gas,No,No,1
94,0.52,6,2500,1164,44,3,0,2,5,gas,No,No,1
95,0.19,123,2100,1198,44,3,0,1,5,gas,No,No,1
96,0.38,10,6600,2206,44,4,1,2.5,8,gas,No,No,2
97,0.82,0,5000,1880,44,3,1,2.5,9,gas,No,Yes,1
98,0.69,6,3400,1368,44,3,0,1.5,8,oil,No,No,1
99,0.51,16,6000,1901,44,3,1,2.5,5,gas,No,No,2
100,0.72,11,3200,1547,44,3,0,2,8,gas,No,No,1
101,0.62,12,5400,896,44,3,0,2,5,gas,No,No,1
102,1,45,8000,1008,44,3,0,1,7,gas,No,No,1
103,0.52,75,3900,912,44,2,0,1,4,gas,No,No,1
104,0.82,12,3700,2443,44,3,0,2.5,6,gas,No,No,2
105,0.29,83,3900,900,44,4,0,1,7,gas,No,No,1
106,0.52,0,4400,2098,44,3,0,2,7,gas,No,Yes,1
107,0.64,9,3000,2115,44,4,1,2.5,7,gas,No,No,1
108,0.52,12,4500,1344,44,2,1,2,7,gas,No,No,1
109,1,3,5200,1106,44,3,0,1,8,gas,No,No,1
110,0.69,33,6500,1440,44,3,2,2,6,gas,No,No,1
111,0.13,0,15000,840,51,2,0,1,3,gas,No,Yes,1
112,0.22,10,7300,1170,51,2,0,1,6,gas,No,No,1
113,0.46,15,23400,1664,51,4,0,1,5,oil,No,No,1
114,1,153,27300,3024,51,4,0,1,12,oil,No,No,1
115,1,0,15900,2598,51,4,1,2.5,9,gas,No,No,2
116,0.13,0,15000,840,51,2,0,1.5,7,gas,No,Yes,1
117,1.03,63,41500,1701,41,5,0,1,10,oil,No,No,1
118,1.17,33,41800,1456,41,3,1,1.5,6,oil,No,No,1
119,0.34,44,19000,1224,71,3,0,1,4,oil,No,No,1
120,0.38,48,21300,1411,71,3,1,1,5,gas,No,No,1
121,1.96,29,39700,1608,71,3,1,1.5,5,oil,No,No,1
122,3,178,44500,3020,41,4,0,2.5,12,oil,No,No,1
123,0.33,32,22500,1898,64,3,1,1.5,7,gas,No,No,1
124,0.46,1,36600,2544,64,4,1,2.5,9,gas,No,Yes,2
125,0.29,16,22100,1038,64,2,0,1,7,electric,No,No,1
126,0.35,1,37000,1820,64,3,1,2.5,6,gas,No,Yes,1
127,0.28,21,28400,2202,64,3,1,2,10,electric,No,No,1
128,0.52,53,20300,2387,64,3,0,1,6,oil,No,No,1
129,0.11,16,20700,1368,64,2,1,1.5,3,electric,No,No,1
130,0.14,16,21000,1480,64,2,1,2,5,electric,No,No,1
131,0.14,15,19600,1348,64,2,1,1.5,5,electric,No,No,1
132,0.47,7,25500,1889,64,4,1,2.5,8,gas,No,No,1
133,0.14,16,19600,1343,64,2,1,1.5,6,electric,No,No,1
134,0.51,15,39600,2011,64,3,1,2.5,7,gas,No,No,2
135,0.21,15,28800,1180,64,2,1,1.5,3,gas,No,No,1
136,0.14,1,45200,1983,64,3,1,2.5,5,gas,No,Yes,2
137,0.55,14,72000,2253,64,3,1,2.5,7,gas,No,No,2
138,0.07,12,24500,1604,64,2,0,1.5,4,gas,No,No,1
139,0.49,83,11900,1196,45,3,0,1,6,gas,No,No,1
140,0.07,13,24500,1602,64,2,0,2.5,7,gas,No,No,1
141,0.36,1,37100,1747,64,3,0,2.5,5,gas,No,Yes,1
142,0.5,37,19800,1092,64,3,0,1,5,oil,No,No,1
143,0.48,10,37800,2410,64,4,1,2.5,11,gas,No,No,2
144,0.29,14,31100,1933,64,3,1,2.5,6,gas,No,No,1
145,0.68,9,57200,3080,64,4,1,2.5,12,gas,No,No,2
146,4.08,13,75500,4534,64,6,2,2.5,12,oil,No,No,2
147,0.1,14,26000,1677,64,3,1,2.5,5,gas,No,No,1
148,0.62,7,57800,2900,64,4,1,2.5,11,gas,No,No,2
149,0.07,16,20300,1392,64,2,1,1.5,5,electric,No,No,1
150,0.16,15,22400,1058,64,2,1,1.5,7,gas,No,No,1
151,0.36,1,29200,2342,64,4,1,2.5,8,gas,No,Yes,2
152,0.01,0,37200,2206,64,4,1,2.5,10,gas,No,Yes,2
153,0.34,1,36200,1516,64,3,1,2,5,gas,No,Yes,1
154,0.75,12,82500,2836,64,4,1,2.5,10,gas,No,No,2
155,0.29,15,35200,1256,64,2,0,1.5,7,gas,No,No,1
156,0.47,6,20000,2340,64,4,1,3.5,10,gas,No,No,2
157,0.32,0,53900,2129,64,4,1,2.5,9,gas,No,Yes,2
158,0.12,15,16800,1343,64,2,1,2.5,4,gas,No,No,1
159,1,0,24300,2963,64,4,1,2.5,10,gas,No,Yes,2
160,0.46,13,36600,2114,64,4,1,3.5,8,gas,No,No,2
161,0.18,16,21400,1144,64,2,1,1,7,electric,No,No,1
162,0.55,33,14900,988,64,3,1,1,7,oil,No,No,1
163,0.46,9,45800,1475,64,3,0,2,4,gas,No,No,2
164,0.15,10,28500,1247,64,3,0,1.5,7,gas,No,No,1
165,0.93,48,23500,1912,64,5,1,2,10,gas,No,No,2
166,0.46,23,19700,1440,64,3,0,1.5,5,oil,No,No,1
167,0.26,16,30100,1596,64,3,1,2,6,gas,No,No,1
168,0.63,0,24400,2665,64,4,1,2.5,11,gas,No,Yes,2
169,0.5,35,28000,1984,64,3,0,1.5,8,gas,No,No,1
170,0.03,10,35800,1616,64,3,0,2,6,gas,No,No,2
171,0.17,9,40500,1917,64,3,1,2.5,5,gas,No,No,2
172,0.64,37,16400,2592,64,3,1,1.5,9,oil,No,No,1
173,0.47,6,25500,1845,64,3,1,2.5,9,gas,No,No,2
174,0.92,53,29000,1360,57,4,0,1,9,oil,No,No,1
175,0.41,35,26200,1664,64,3,1,1.5,6,gas,No,No,1
176,0.16,15,22400,1098,64,2,1,1.5,3,gas,No,No,1
177,0.01,17,9900,1214,64,2,0,1.5,4,electric,No,No,1
178,0.29,93,9200,1046,57,3,0,1,6,electric,No,No,1
179,0.36,103,32200,1144,64,3,0,1,8,oil,No,No,1
180,0.28,16,22000,1140,64,2,1,2,6,gas,No,No,1
181,0.15,14,21000,1232,64,2,1,1.5,5,gas,No,No,1
182,0.59,0,153800,3020,64,4,1,2.5,9,gas,No,Yes,2
183,0.36,19,27000,1508,52,3,1,2,6,gas,No,No,1
184,0.16,19,15700,912,52,2,1,1.5,5,electric,No,No,1
185,0.34,18,27000,1508,52,3,0,1.5,4,electric,No,No,1
186,0.33,17,27000,1561,52,3,1,1.5,6,gas,No,No,1
187,0.56,30,26400,2625,64,4,1,2.5,8,gas,No,No,1
188,0.48,30,19600,936,52,3,1,1,7,gas,No,No,1
189,0.16,19,15700,912,52,2,0,1.5,3,electric,No,No,1
190,0.17,16,15100,1492,52,3,0,2.5,8,electric,No,No,1
191,0.46,30,26300,1599,64,4,1,2.5,5,gas,No,No,1
192,0.81,25,25000,2304,52,5,1,2.5,9,electric,No,No,1
193,0.15,19,15700,912,52,2,0,1.5,7,electric,No,No,1
194,0.15,17,15100,1385,52,2,1,1.5,7,gas,No,No,1
195,0.32,17,27000,1561,52,4,0,1.5,8,electric,No,No,1
196,0.16,20,15700,884,52,2,0,2,3,gas,No,No,1
197,0.15,18,15700,912,52,2,0,2,4,electric,No,No,1
198,0.15,17,15700,912,52,2,0,1.5,3,gas,No,No,1
199,0.48,73,20500,1384,52,3,0,2,5,oil,No,No,1
200,0.77,7,30000,1334,52,3,0,1.5,4,gas,No,No,1
201,0.42,10,26200,1433,64,3,1,2,5,gas,No,No,1
202,0.17,16,15100,1492,52,3,1,2.5,6,electric,No,No,1
203,0.32,16,27000,1561,52,4,1,1.5,9,gas,No,No,1
204,0.09,11,32000,936,52,1,0,1,3,electric,Yes,No,2
205,0.16,16,15100,1492,52,3,1,2.5,8,electric,No,No,1
206,0.16,18,15100,1853,52,3,0,2.5,7,electric,No,No,1
207,0.15,15,15100,1240,52,2,0,1.5,7,electric,No,No,1
208,0.17,19,15800,912,52,2,0,1.5,6,electric,No,No,1
209,0.17,19,15800,912,52,2,0,1.5,3,gas,No,No,1
210,0.16,19,15700,912,52,2,0,1.5,6,gas,No,No,1
211,0.16,19,15100,1184,52,3,0,1.5,8,gas,No,No,1
212,0.34,18,27000,1638,52,3,1,2,6,electric,No,No,1
213,0.31,16,27000,1508,52,3,1,2,6,electric,No,No,1
214,0.4,50,18000,672,52,2,0,1,5,electric,No,No,1
215,0.34,18,79700,1346,52,3,1,2,6,oil,Yes,No,2
216,0.16,18,15100,1184,52,3,0,2,5,electric,No,No,1
217,0.15,16,15700,912,52,2,0,1.5,4,gas,No,No,1
218,0.15,18,15700,912,52,2,1,1.5,5,electric,No,No,1
219,0.16,19,15700,988,52,2,0,2,4,gas,No,No,1
220,0.16,19,15100,1184,52,3,0,2,6,gas,No,No,1
221,0.15,16,15100,1385,52,2,0,1.5,4,electric,No,No,1
222,0.15,18,15700,912,52,2,0,1.5,3,gas,No,No,1
223,0.37,18,27000,1548,52,3,1,2,5,gas,No,No,1
224,0.31,17,27000,1561,52,4,0,1.5,9,electric,No,No,1
225,1,24,21000,1008,52,2,0,1,3,gas,No,No,1
226,0.15,17,15200,1385,52,2,0,1.5,4,electric,No,No,1
227,0.16,19,15700,908,52,2,0,1,6,gas,No,No,1
228,0.24,138,1400,2246,39,4,0,1.5,9,oil,No,No,1
229,2.06,16,5900,1820,39,3,1,2.5,5,gas,No,No,1
230,0.42,0,13000,2554,64,4,1,2.5,9,gas,No,Yes,2
231,0.92,16,5500,824,45,3,0,1.5,5,electric,No,No,1
232,0.4,0,15000,2458,64,4,1,2.5,9,gas,No,No,2
233,0.36,22,10500,1324,64,3,0,1,4,electric,No,No,1
234,5.84,12,20000,2916,64,3,1,2.5,9,gas,No,No,2
235,0.16,19,15100,1032,52,2,0,1.5,4,electric,No,No,1
236,0.15,16,15700,912,52,2,1,1.5,4,electric,No,No,1
237,0.98,35,19600,1320,52,2,0,1,3,electric,No,No,1
238,0.33,17,27000,1508,52,3,1,1.5,8,gas,No,No,1
239,0.16,16,15700,912,52,2,1,1.5,7,electric,No,No,1
240,0.09,12,31200,2040,52,4,1,2.5,7,gas,No,No,2
241,0.16,17,15700,912,52,2,1,1.5,5,electric,No,No,1
242,3,10,53600,1776,52,2,0,2,6,oil,No,No,2
243,0.58,25,25000,1304,64,3,0,2,8,electric,No,No,1
244,0.42,10,26200,1836,64,4,1,2.5,8,gas,No,No,2
245,0.17,18,15800,912,52,2,0,2,3,electric,No,No,1
246,0.16,19,15700,912,52,2,0,1.5,6,electric,No,No,1
247,0.31,16,27000,1527,52,2,1,2,7,electric,No,No,1
248,0.99,17,5700,1454,39,3,0,1.5,7,electric,No,No,1
249,0.26,26,4600,1700,39,3,1,1.5,4,oil,No,No,1
250,0.45,27,7000,1680,45,4,0,1,9,electric,No,No,1
251,0.49,0,13000,2401,64,4,1,2.5,10,gas,No,No,1
252,0.35,21,11000,1176,64,3,0,1,7,electric,No,No,1
253,0.4,24,9800,1344,64,3,1,1.5,7,electric,No,No,1
254,0.48,23,10400,1344,64,3,0,1.5,8,electric,No,No,1
255,0.35,9,13000,1714,64,3,0,2.5,8,gas,No,No,1
256,0.25,20,29000,1992,64,4,1,3,9,gas,No,No,2
257,0.12,19,18200,924,64,2,0,1,7,gas,No,No,1
258,0.09,24,17600,1290,64,2,1,1.5,3,gas,No,No,1
259,0.46,36,27400,2521,64,4,1,2.5,10,gas,No,No,1
260,0.71,58,22700,1377,82,3,1,1.5,7,oil,No,No,1
261,0.06,19,16400,1237,64,2,1,1.5,6,gas,No,No,1
262,0.61,41,32300,2310,64,4,1,2.5,7,gas,No,No,1
263,0.32,0,35000,1863,64,3,1,2.5,9,gas,No,No,1
264,0.37,26,37500,1693,64,3,1,1.5,8,gas,No,No,1
265,0.29,26,31400,1684,64,3,1,2.5,4,gas,No,No,1
266,0.95,16,40900,1585,64,3,1,1.5,4,electric,No,No,1
267,0.67,8,72400,2290,64,4,1,3,9,gas,No,No,2
268,0.4,32,30000,2464,64,5,1,2.5,9,gas,No,No,1
269,0.29,5,29000,2549,64,4,1,2.5,12,gas,No,No,2
270,0.35,6,36500,2316,64,4,1,2.5,7,gas,No,No,2
271,0.37,18,43000,2600,64,4,1,2.5,8,gas,No,No,2
272,0.53,15,65800,2677,64,4,1,2.5,10,gas,No,No,2
273,0.06,19,16400,1479,64,3,0,1.5,4,electric,No,No,1
274,0.15,16,18500,1138,64,2,0,1,7,electric,No,No,1
275,0.27,24,18900,1576,64,3,0,2.5,4,gas,No,No,1
276,0.43,10,52200,2084,82,4,1,2.5,9,gas,No,No,2
277,0.06,26,35900,1726,64,3,1,2,8,gas,No,No,2
278,1,2,49900,1851,71,2,2,2,4,gas,No,No,2
279,0.46,30,27400,2310,64,5,1,2.5,12,gas,No,No,1
280,0.03,0,56800,2930,64,4,1,2.5,12,gas,No,No,2
281,0.88,33,35900,2576,64,4,1,2.5,10,gas,No,No,1
282,0.55,36,30500,1664,64,3,1,2,8,gas,No,No,1
283,1,24,46000,1237,64,2,0,1.5,3,electric,No,No,1
284,0.43,29,31400,2662,64,5,1,2.5,9,gas,No,No,1
285,0.45,35,32300,1575,64,3,1,1.5,7,gas,No,No,1
286,0.1,12,18000,1566,64,2,0,1.5,7,gas,No,No,1
287,0.09,16,17600,1326,64,2,1,1.5,4,gas,No,No,1
288,0.09,18,17600,1480,64,3,0,1.5,8,gas,No,No,1
289,0.59,0,38400,2161,64,4,1,2.5,11,gas,No,No,1
290,0.16,10,18600,1352,64,2,1,1.5,3,gas,No,No,1
291,0.51,33,34600,1648,64,3,0,1.5,8,gas,No,No,1
292,0.46,25,60500,2936,64,3,1,3.5,12,gas,No,No,2
293,0.46,1,36400,2404,64,4,1,2.5,10,gas,No,No,2
294,0.42,36,30900,1738,64,3,0,1.5,9,gas,No,No,1
295,0.45,14,119500,5228,64,4,4,4,12,gas,No,No,2
296,0.55,34,30500,2576,64,4,1,2.5,12,gas,No,No,1
297,0.44,34,31800,1586,64,3,1,1.5,7,gas,No,No,1
298,0.06,19,16400,1480,64,3,0,1.5,5,electric,No,No,1
299,0.5,15,37000,1917,64,4,1,2.5,7,gas,No,No,2
300,0.3,30,24500,1938,64,3,1,1.5,9,gas,No,No,1
301,0.33,3,11600,2110,64,4,1,2.5,8,gas,No,No,2
302,0.14,19,18400,1479,64,3,0,1.5,5,gas,No,No,1
303,0.69,34,34700,2576,64,5,1,2.5,9,gas,No,No,1
304,0.38,18,60800,2445,82,4,2,2.5,9,gas,No,No,2
305,0.74,14,73800,2185,64,3,1,2.5,7,gas,No,No,2
306,0.38,18,82800,2078,64,4,1,2.5,8,electric,No,No,2
307,0.38,37,29100,1674,64,3,1,1.5,5,gas,No,No,1
308,0.29,19,20300,1228,64,4,0,1.5,9,electric,No,No,1
309,0.28,22,19500,1375,64,2,1,1.5,7,electric,No,No,1
310,0.54,16,30200,1650,64,3,1,2,5,gas,No,No,2
311,0.26,31,21900,1718,64,3,1,1.5,9,gas,No,No,1
312,0.59,33,31700,2576,64,4,1,2.5,9,gas,No,No,2
313,0.37,4,37500,2280,64,4,1,2.5,7,gas,No,No,2
314,0.4,18,25000,2088,64,4,1,2.5,10,gas,No,No,1
315,0.5,15,37000,1917,64,4,1,2.5,9,gas,No,No,2
316,0.54,29,30200,3140,64,5,1,3.5,10,gas,No,No,2
317,0.22,73,6900,1029,82,3,0,1,4,gas,No,No,1
318,0.35,36,39800,1896,64,4,1,2.5,7,gas,No,No,1
319,0.52,38,29600,2310,64,5,1,2.5,9,gas,No,No,2
320,0.31,17,19600,924,64,2,1,1,6,electric,No,No,1
321,0.38,25,38000,2080,64,3,1,2.5,9,gas,No,No,1
322,0.08,22,17200,1237,64,3,1,1.5,4,electric,No,No,1
323,0.1,29,18000,1287,64,3,0,1.5,5,gas,No,No,1
324,0.44,18,33200,1847,64,3,1,2.5,7,gas,No,No,1
325,0.26,49,41900,1064,64,3,0,1,8,gas,No,No,1
326,0.07,18,16800,1480,64,3,1,1.5,4,gas,No,No,1
327,0.48,23,48500,2462,64,5,2,3.5,8,gas,No,No,2
328,0.41,17,25400,2228,64,3,1,2.5,7,gas,No,No,1
329,0.42,61,14700,1260,82,3,0,1,8,gas,No,No,1
330,0.45,30,30000,1559,64,4,1,2.5,5,gas,No,No,1
331,0.6,25,71000,1980,64,4,1,2.5,10,gas,No,No,2
332,0.95,9,78000,2380,82,3,1,2.5,6,gas,No,No,2
333,0.56,27,30800,1887,64,4,1,2.5,8,gas,No,No,1
334,1.25,133,43500,2185,64,4,1,1.5,11,gas,No,No,2
335,0.7,15,69400,2488,64,4,1,2.5,7,electric,No,No,2
336,0.67,56,21100,1152,64,1,0,2,3,gas,No,No,1
337,0.66,15,32100,2025,64,4,1,2.5,9,gas,No,No,1
338,0.62,37,32600,2521,64,5,1,2.5,12,gas,No,No,2
339,0.08,18,17200,1480,64,3,0,1.5,4,gas,No,No,1
340,0.08,17,17200,1480,64,3,1,1.5,5,gas,No,No,1
341,0.51,7,39100,2362,64,4,1,2.5,8,gas,No,No,2
342,0.28,31,23200,1910,64,3,1,1.5,7,gas,No,No,1
343,1,12,32000,1952,71,3,2,2,9,oil,No,No,1
344,0.58,9,86400,3358,64,4,1,3.5,12,gas,No,No,2
345,0.43,26,39000,2090,64,4,1,2.5,7,gas,No,No,2
346,0.55,35,33000,1965,64,5,1,2,11,gas,No,No,1
347,0.49,33,34100,2110,64,4,1,1.5,9,gas,No,No,1
348,0.39,43,29600,1456,64,4,0,2.5,9,gas,No,No,1
349,0.06,18,16400,1479,64,3,0,1.5,7,gas,No,No,1
350,0.46,29,27400,1874,64,4,1,2.5,7,gas,No,No,1
351,0.5,0,17500,2099,64,4,1,2.5,8,gas,No,No,2
352,0.6,33,32000,1872,64,3,1,2.5,8,gas,No,No,1
353,0.41,17,44300,2388,64,4,1,2.5,11,electric,No,No,2
354,0.53,18,65800,2812,64,4,1,2.5,12,gas,No,No,2
355,0.21,11,19100,1064,64,2,1,2,4,gas,No,No,1
356,0.06,20,16400,1375,64,2,0,1.5,7,gas,No,No,1
357,0.09,19,17600,1480,64,3,0,1.5,5,electric,No,No,1
358,0.13,25,18300,1260,64,2,1,1.5,5,gas,No,No,1
359,0.72,15,40300,2086,64,3,1,2.5,5,gas,No,No,2
360,1,9,43900,2588,64,4,1,2.5,12,oil,No,No,2
361,0.18,18,18800,1480,64,3,0,1.5,4,electric,No,No,1
362,0.74,10,35700,1752,64,3,1,2.5,7,gas,No,No,2
363,0.48,32,28200,2660,64,4,1,2.5,11,gas,No,No,1
364,0.58,20,69500,2417,64,3,1,2.5,9,gas,No,No,2
365,0.01,21,79100,2793,64,3,1,2.5,7,gas,No,No,2
366,1,78,21200,1152,64,2,0,1,6,oil,No,No,1
367,0.41,29,25400,2344,64,4,1,2.5,9,gas,No,No,1
368,0.51,33,34600,1926,64,4,1,1.5,6,gas,No,No,1
369,0.55,35,34800,2208,64,4,1,2.5,9,gas,No,No,1
370,0.46,16,60500,2208,64,3,1,2.5,7,gas,No,No,2
371,0.6,35,32000,2708,64,5,2,2.5,12,gas,No,No,2
372,0.19,18,18900,1142,64,3,0,1.5,6,gas,No,No,1
373,1.42,32,48300,2529,64,3,1,2,7,gas,No,No,1
374,0.69,20,35500,1797,64,4,0,2,9,electric,No,No,2
375,0.51,31,34600,1611,64,3,1,1.5,4,gas,No,No,1
376,0.29,13,31400,2576,64,4,1,2.5,10,gas,No,No,2
377,0.06,10,79600,2653,82,4,0,2.5,10,gas,No,No,2
378,0.6,13,88000,3896,64,5,2,4.5,12,gas,No,No,2
379,0.53,16,37500,1585,64,3,1,1,6,gas,No,No,2
380,0.38,10,38000,2774,64,4,1,2.5,8,gas,No,No,2
381,0.74,54,28300,1283,64,2,1,1,3,gas,No,No,1
382,0.56,29,34800,1136,64,3,0,1,6,oil,No,No,1
383,0.71,32,35100,1896,64,4,1,2.5,6,gas,No,No,1
384,2.84,55,60200,1536,64,2,1,1,7,gas,No,No,1
385,0.09,19,17600,1480,64,3,1,1.5,5,electric,No,No,1
386,0.52,14,37300,2096,64,4,1,2.5,8,gas,No,No,2
387,1,8,40200,2324,64,4,0,2.5,7,gas,No,No,2
388,0.5,29,29000,2079,64,4,1,2.5,7,gas,No,No,1
389,0.43,33,31400,1911,64,4,1,1.5,10,gas,No,No,1
390,0.09,18,17600,1480,64,3,1,1.5,7,gas,No,No,1
391,0.11,25,32900,2208,64,4,1,2.5,10,gas,No,No,2
392,0.24,9,28000,1462,64,3,0,2.5,7,gas,No,No,1
393,0.39,38,29600,1794,64,4,1,1.5,10,gas,No,No,1
394,0.8,38,35500,1886,64,4,1,2.5,9,gas,No,No,1
395,0.19,19,13300,1080,64,3,0,1.5,7,electric,No,No,1
396,0.59,34,31700,2576,64,5,1,3,11,gas,No,No,2
397,0.48,26,31200,1508,64,4,1,1.5,5,gas,No,No,1
398,0.46,35,32700,1672,64,4,1,1,5,gas,No,No,1
399,0.4,35,30000,1739,64,4,1,1.5,9,gas,No,No,1
400,0.52,40,29600,3074,64,7,1,2.5,12,gas,No,No,2
401,0.86,3,35600,1976,64,3,1,2.5,8,gas,No,No,2
402,0.46,37,27400,2302,64,4,1,2.5,8,gas,No,No,1
403,0.95,13,9500,1480,51,3,1,2,4,gas,No,No,1
404,0.63,11,17900,960,54,2,0,2,5,gas,No,No,1
405,0.42,16,17400,1582,36,3,0,1.5,8,electric,No,No,1
406,0.34,154,11900,1600,54,4,0,1,7,oil,No,No,1
407,0.5,5,4000,2320,54,4,0,2.5,9,gas,No,No,2
408,0.2,14,7200,1034,54,2,0,1.5,5,gas,No,No,1
409,2.96,19,11000,1488,57,3,0,1.5,8,electric,No,No,2
410,1,17,3500,1056,57,3,0,1,8,electric,No,No,1
411,1,128,16200,864,57,3,0,1,6,oil,No,No,1
412,1,19,17600,1552,57,3,1,2,4,electric,No,No,1
413,0.52,11,18200,1816,57,3,1,1.5,6,gas,No,No,2
414,0.48,20,12500,1530,57,3,1,2,6,gas,No,No,1
415,0.33,14,11900,1756,54,4,0,2,8,gas,No,No,1
416,1,25,25000,4211,57,5,2,3.5,12,gas,No,No,2
417,2.6,10,20200,2206,57,3,1,2.5,7,oil,No,No,1
418,0.15,64,36000,1092,36,2,0,1,6,oil,Yes,No,1
419,2.8,114,28300,1594,36,7,0,1,10,oil,No,No,1
420,0.08,15,2100,1480,54,3,1,2.5,8,gas,No,No,1
421,0.14,15,3200,1480,54,3,1,1.5,4,gas,No,No,1
422,0.46,88,19700,3003,57,4,1,3.5,12,gas,No,No,2
423,0.63,54,9500,2164,57,2,0,1.5,7,oil,No,No,2
424,3.8,19,14400,1519,57,2,0,1,3,oil,No,No,2
425,0.46,15,15700,1604,57,3,1,2.5,4,oil,No,No,1
426,0.98,25,15900,1400,57,3,1,2,5,electric,No,No,2
427,1,12,20300,1752,57,4,0,1,7,gas,No,No,2
428,1,32,20300,880,57,2,0,1.5,6,electric,No,No,1
429,6.07,14,25700,1240,57,3,0,2,5,oil,No,No,2
430,0.03,17,18800,1514,36,3,1,1.5,8,gas,No,No,1
431,0.18,2,15000,840,36,1,0,1,6,gas,No,No,1
432,0.11,1,15000,840,36,2,0,1,3,gas,No,No,1
433,0.28,124,7400,2592,36,4,0,1.5,12,gas,No,No,1
434,0.18,121,7300,1010,36,3,0,1,7,gas,No,No,1
435,0.16,2,15000,1380,36,3,0,1.5,6,gas,No,No,1
436,0.15,3,15000,1366,36,3,0,1.5,8,gas,No,No,1
437,0.5,5,40200,1681,57,3,1,2.5,4,gas,Yes,No,2
438,3.68,14,27200,2037,36,3,1,2,9,oil,No,No,2
439,0.98,16,11200,2570,36,3,0,1.5,10,oil,No,No,1
440,0.52,59,8000,936,20,2,0,1,4,oil,No,No,1
441,0.01,13,1200,960,41,2,0,1.5,7,gas,No,No,1
442,0.91,11,3200,1352,30,3,1,1.5,5,oil,No,No,1
443,0.34,118,6200,1060,41,4,0,1,8,gas,No,No,1
444,2.06,6,40100,1508,30,3,0,2,5,oil,No,No,1
445,0.35,54,19600,1272,60,4,1,1.5,9,oil,No,No,1
446,0.47,18,18800,2389,27,6,0,3,11,oil,No,No,1
447,0.7,17,28800,1210,60,2,1,1,4,gas,No,No,1
448,0.39,52,21800,1230,60,3,1,1,6,oil,No,No,1
449,0.52,47,28100,1832,60,4,1,2,8,oil,No,No,1
450,1.27,27,34200,1854,60,3,1,1.5,8,oil,No,No,2
451,2,164,40000,2268,60,3,0,2.5,10,oil,No,No,2
452,0.68,29,28700,1807,60,3,1,1.5,8,oil,No,No,2
453,0.38,48,21300,1272,60,4,1,1.5,5,gas,No,No,1
454,0.28,12,4800,1560,47,3,1,1,8,gas,No,No,1
455,0.07,15,200,1863,47,3,1,3.5,7,gas,No,No,2
456,0.24,64,1400,1120,47,2,0,1,3,oil,Yes,No,1
457,0.26,15,700,1832,47,2,1,2.5,8,gas,No,No,2
458,3.64,0,7400,2092,47,4,1,2.5,8,oil,No,No,2
459,0.41,13,3100,2702,47,3,1,2.5,11,oil,No,No,2
460,0.46,32,5800,1040,47,3,1,1.5,5,oil,No,No,1
461,0.15,13,400,1758,47,2,1,2.5,6,gas,No,No,2
462,0.16,116,6800,2326,27,3,0,2,7,oil,No,No,1
463,1,13,13700,2340,27,3,0,1.5,8,electric,No,No,1
464,2.61,1,15700,2058,27,3,1,2.5,9,oil,No,No,2
465,1,33,21700,944,27,1,1,1,4,oil,Yes,No,2
466,0.19,44,9100,640,20,2,0,1,6,electric,No,No,1
467,0.83,6,14700,2353,60,4,1,2.5,8,gas,No,No,2
468,1,7,17800,2038,54,4,1,2.5,7,gas,No,No,2
469,0.42,32,18500,1469,60,4,0,1.5,9,gas,No,No,1
470,0.87,10,41100,2219,63,3,1,2,10,gas,No,No,2
471,0.68,16,19900,1774,54,4,0,2,7,gas,No,No,1
472,0.38,51,14600,1296,60,4,1,2,9,oil,No,No,1
473,1.1,124,20100,2289,60,4,1,1.5,9,oil,No,No,2
474,0.8,134,18100,2463,60,5,2,2.5,12,gas,No,No,2
475,0.95,2,49200,3126,54,4,0,2.5,12,oil,No,No,2
476,4.1,15,26600,2550,54,3,0,2.5,7,oil,No,No,2
477,0.34,49,13100,1182,60,2,0,1,6,oil,No,No,1
478,0.09,48,15800,1890,60,4,1,2,7,oil,No,No,1
479,1,12,500,1944,36,3,1,2.5,7,oil,No,No,2
480,0.57,6,15000,2815,57,4,1,2.5,10,gas,No,No,2
481,1,11,34900,1040,57,3,1,2,7,electric,No,No,1
482,0.48,25,14400,1638,57,4,0,2,5,oil,No,No,1
483,0.14,13,21100,2206,57,4,1,2.5,9,gas,No,No,2
484,0.19,0,74800,3170,57,4,1,3.5,12,gas,No,Yes,2
485,0.5,0,74800,2328,57,4,1,2.5,10,gas,No,Yes,2
486,0.35,0,74800,2737,57,4,1,3,8,gas,No,Yes,2
487,0.21,0,32000,2879,54,4,0,3,8,gas,No,Yes,2
488,3.47,1,20300,2158,54,3,1,2,10,gas,No,Yes,2
489,0.55,11,19300,1336,57,3,1,2,7,gas,No,No,1
490,0.53,4,4200,1594,54,3,0,2.5,6,gas,No,No,1
491,0.54,11,18900,1603,57,3,0,1.5,4,gas,No,No,1
492,0.54,11,18900,2190,57,4,0,2.5,11,gas,No,No,2
493,0.32,10,10700,1478,54,3,1,2.5,5,gas,No,No,1
494,0.25,10,8400,1348,54,2,0,2,7,gas,No,No,1
495,0.32,36,8000,1558,54,3,1,1,6,gas,No,No,1
496,0.5,13,18300,1574,54,3,1,1.5,7,gas,No,No,1
497,0.04,13,16500,1612,54,4,0,2,7,gas,No,No,1
498,0.21,129,7300,1216,54,3,0,1,7,gas,No,No,1
499,0.17,124,6000,2256,54,4,0,1.5,8,gas,No,No,1
500,0.51,28,15000,1170,54,3,1,1.5,4,oil,No,No,1
501,0.17,29,4600,1456,57,3,0,2,6,oil,No,No,1
502,0.11,29,3900,1320,57,3,0,3,5,electric,No,No,1
503,0.14,14,20700,2076,57,4,1,2.5,10,gas,No,No,2
504,1,22,16800,1326,57,3,0,2,5,electric,No,No,1
505,0.18,20,20900,2240,57,4,1,2.5,10,electric,No,No,2
506,1.29,19,21600,2100,57,4,1,3,7,gas,No,No,2
507,1,27,8300,1129,38,2,0,1,7,oil,No,No,1
508,0.6,19,16000,2296,57,4,1,2.5,7,gas,No,No,1
509,0.46,20,13800,1475,57,3,1,2,8,gas,No,No,1
510,1.03,20,20100,1268,57,3,1,1,6,gas,No,No,1
511,0.47,15,14100,1816,57,3,1,2,7,gas,No,No,1
512,0.5,30,15000,1632,57,4,1,2.5,8,gas,No,No,1
513,0.26,11,8700,1254,54,2,0,1.5,5,gas,No,No,1
514,0.49,30,64400,1272,57,3,0,1,4,gas,No,No,1
515,0.28,29,80800,1604,57,4,0,1.5,6,gas,No,No,1
516,0.52,0,77000,2474,57,4,1,2.5,11,gas,No,No,2
517,0.15,0,36000,2057,57,3,1,2.5,9,gas,No,No,1
518,0.05,6,32000,1852,57,3,0,2.5,8,electric,No,No,1
519,0.09,1,51400,2242,57,3,0,3,8,gas,No,No,2
520,0.49,32,64400,1564,57,4,1,1.5,9,gas,No,No,1
521,0.19,24,39200,960,57,3,0,1,6,electric,No,No,1
522,0.1,63,85000,1680,57,2,0,2.5,7,gas,No,No,1
523,0.03,3,27000,1428,57,2,1,2.5,6,gas,No,No,1
524,0.16,0,36800,1672,57,3,0,2.5,7,gas,No,No,1
525,0.28,29,80800,2284,57,3,1,1.5,6,gas,No,No,2
526,0.32,31,54200,1286,57,3,1,1,4,gas,No,No,1
527,0.23,53,73000,1250,57,3,0,1,4,gas,No,No,1
528,0.12,113,51300,1896,57,4,0,1.5,8,oil,No,No,2
529,0.15,1,61000,2592,57,3,0,3,10,gas,No,No,2
530,0.01,0,12500,1904,57,2,1,2,8,gas,No,No,2
531,0.29,3,46400,1680,57,3,0,2,6,gas,No,No,2
532,0.16,38,54900,1152,57,2,1,1,7,gas,No,No,1
533,0.07,16,46600,1290,57,3,1,1.5,5,electric,No,No,1
534,0.17,93,55800,2396,57,4,1,1.5,11,gas,No,No,2
535,0.24,55,255000,3090,57,4,2,4,12,gas,No,No,2
536,0.21,142,107000,1428,57,3,0,1,8,oil,No,No,2
537,0.15,0,114000,1631,57,3,1,2.5,4,gas,No,No,2
538,0.24,33,49100,1368,57,3,0,1,7,gas,No,No,1
539,0.16,36,54900,1134,57,3,0,1,4,gas,No,No,1
540,0.3,27,84600,1697,57,3,1,1.5,6,gas,No,No,1
541,0.3,6,47000,1666,57,3,1,2.5,4,gas,No,No,1
542,0.12,78,89000,1738,57,4,1,2.5,6,oil,No,No,2
543,0.15,103,210000,1457,57,2,0,1.5,7,gas,No,No,2
544,0.15,0,54000,1632,57,3,1,2.5,7,gas,No,No,2
545,1.4,12,128500,2186,57,3,0,2.5,6,gas,No,No,2
546,0.15,0,95000,2117,57,3,1,2.5,6,electric,No,No,2
547,0.25,32,50000,936,57,3,1,1,8,gas,No,No,1
548,0.17,169,220000,3347,57,6,2,2.5,12,gas,No,No,2
549,0.36,32,50600,1824,57,4,1,2.5,10,gas,No,No,1
550,0.16,1,62600,2592,57,3,0,3,8,gas,No,No,2
551,0.68,64,84200,1080,57,2,0,1,7,oil,No,No,1
552,1.22,2,194700,3148,57,5,0,3.5,12,gas,No,No,2
553,0.25,150,115000,2128,57,3,1,1.5,8,gas,No,No,2
554,0.06,18,28800,1616,57,3,0,1.5,8,gas,No,No,1
555,0.23,5,73800,3313,57,4,1,2.5,12,gas,No,No,2
556,0.48,25,57800,2327,57,3,1,1.5,10,gas,No,No,2
557,0.24,32,49100,1640,57,4,1,1.5,7,gas,No,No,1
558,0.12,73,89000,1421,57,3,0,1.5,5,gas,No,No,2
559,0.15,103,54000,1280,57,2,1,1,3,gas,No,No,1
560,0.34,3,82400,3467,57,4,1,2.5,11,gas,No,No,2
561,0.11,83,87000,1250,57,3,0,1.5,5,gas,No,No,1
562,0.25,33,50000,1368,57,3,0,1,5,gas,No,No,1
563,0.13,1,110200,1396,57,3,0,2.5,8,gas,No,No,2
564,0.04,15,36000,2004,57,3,1,2.5,8,gas,No,No,2
565,0.12,1,56200,2242,57,3,0,3,6,gas,No,No,2
566,0.39,0,85400,2786,57,4,1,2.5,8,gas,No,No,2
567,0.07,0,48200,2242,57,3,0,2.5,6,gas,No,No,2
568,0.34,33,55400,1404,57,3,0,1,6,gas,No,No,1
569,1,25,98500,1600,57,3,1,1.5,7,gas,No,No,1
570,0.04,103,36000,1408,57,2,0,1,3,gas,No,No,1
571,0.21,37,59400,972,57,3,0,1,8,gas,No,No,1
572,1.06,14,125100,4856,57,5,2,4,12,oil,No,No,2
573,0.25,0,63000,2885,57,3,1,2.5,11,gas,No,No,2
574,0.09,82,83000,1560,57,2,0,1,6,gas,No,No,2
575,0.26,33,50600,1472,57,3,0,1,8,gas,No,No,1
576,0.14,0,35200,2124,57,3,1,2.5,10,gas,No,No,1
577,0.15,1,114000,2162,57,3,1,2.5,7,gas,No,No,2
578,0.46,0,89600,2515,57,4,1,2.5,8,gas,No,No,2
579,0.63,0,98500,2294,57,4,1,2.5,11,gas,No,No,2
580,0.26,123,63300,1744,57,4,0,1,6,gas,No,No,1
581,0.48,0,90800,2022,57,3,1,2.5,8,gas,No,No,2
582,0.22,34,72000,1578,57,3,0,2,8,gas,No,No,2
583,0.91,0,239300,3400,57,3,0,3,12,gas,Yes,No,2
584,0.07,13,48200,1744,57,3,1,2.5,6,gas,No,No,2
585,0.46,0,89600,2560,57,3,1,2.5,9,gas,No,No,2
586,0.12,51,89000,1398,57,3,0,2.5,4,gas,No,No,2
587,0.16,0,62600,2494,57,3,0,2.5,8,gas,No,No,2
588,0.48,27,57800,2208,57,4,2,2.5,11,gas,No,No,2
589,0.46,0,89600,2550,57,3,1,2.5,7,gas,No,No,2
590,0.03,16,27000,1812,57,2,1,2.5,7,gas,No,No,2
591,0.12,50,89000,1290,57,2,0,1,3,gas,No,No,1
592,0.14,16,52200,1172,57,2,0,2,3,gas,No,No,1
593,1.04,10,192900,4128,57,3,2,3.5,12,gas,No,No,2
594,0.49,17,64400,1816,57,3,1,2.5,5,electric,No,No,1
595,0.65,4,99500,2628,57,4,1,2.5,8,gas,No,No,2
596,0.15,0,36000,1254,57,3,1,2.5,4,gas,No,No,1
597,0.15,113,54000,1660,57,4,1,1.5,9,gas,No,No,1
598,0.5,43,73500,1850,57,3,1,1.5,7,gas,No,No,1
599,0.14,0,35200,1258,57,3,0,2,8,gas,No,No,1
600,0.23,0,42400,1219,57,3,0,2,5,gas,No,No,1
601,0.14,14,59400,1850,57,3,1,2.5,6,gas,No,No,2
602,0.29,9,52400,2103,57,3,0,2.5,7,gas,No,No,2
603,0.23,3,73800,1806,57,3,1,2.5,8,gas,No,No,2
604,0.23,52,250000,1674,57,2,1,1.5,4,gas,No,No,2
605,0.08,0,49800,2242,57,3,0,2.5,10,gas,No,No,2
606,0.03,103,27000,1408,57,3,0,1.5,4,gas,No,No,1
607,1,20,124800,3457,57,3,2,2.5,12,electric,No,No,2
608,0.16,28,50400,1728,57,3,0,1.5,6,gas,No,No,1
609,1,16,125900,2354,57,3,2,2.5,6,electric,No,No,2
610,0.42,4,87200,2246,57,3,1,2.5,9,gas,No,No,2
611,0.18,0,119700,1902,57,2,1,2.5,4,gas,No,No,2
612,0.3,30,53000,1178,57,3,0,1,7,gas,No,No,1
613,0.73,0,103500,2896,57,4,1,3.5,11,gas,No,No,2
614,1.03,24,124800,2457,57,3,1,3,9,gas,No,No,2
615,0.25,32,50000,936,57,3,0,1,8,gas,No,No,1
616,0.19,123,103000,934,57,2,0,1,7,gas,No,No,1
617,0.29,30,52400,1279,57,3,1,1,6,gas,No,No,1
618,0.39,6,69400,1888,57,3,0,2,5,gas,No,No,1
619,0.27,33,63700,1686,57,4,1,1.5,7,gas,No,No,1
620,0.25,22,61000,2310,57,2,1,3,7,gas,No,No,2
621,0.32,1,48200,1200,57,3,0,1.5,4,gas,No,No,1
622,0.27,50,78800,1944,57,3,1,2.5,7,gas,No,No,2
623,0.36,51,50600,1184,57,3,0,1,5,electric,No,No,1
624,0.36,3,83600,2000,57,3,1,2.5,5,gas,No,No,2
625,0.07,14,48200,1744,57,3,1,2.5,9,gas,No,No,2
626,0.12,3,108300,1620,57,3,1,2.5,7,gas,No,No,2
627,0.35,1,67000,2359,57,4,0,2.5,11,gas,No,No,2
628,0.62,1,98000,2230,57,3,0,2.5,10,gas,No,No,2
629,0.07,94,46800,1147,57,2,0,1.5,3,gas,No,No,1
630,0.27,2,78200,2205,57,3,1,2.5,10,gas,No,No,2
631,0.42,4,87200,3243,57,4,0,2.5,11,gas,No,No,2
632,0.48,34,57800,1431,57,3,0,1.5,5,gas,No,No,1
633,0.36,35,56600,936,57,3,0,1,7,gas,No,No,1
634,0.3,33,53000,1368,57,3,0,1.5,7,gas,No,No,1
635,0.07,16,48200,1800,57,3,1,2.5,8,electric,No,No,2
636,0.17,16,49500,1920,57,3,1,1.5,9,gas,No,No,1
637,0.11,83,87000,1416,57,3,0,2,7,gas,No,No,2
638,0.14,77,93000,616,57,2,0,1,5,gas,No,No,1
639,0.1,79,85000,1488,57,4,0,1.5,5,gas,No,No,2
640,0.11,84,87000,1320,57,3,1,1.5,6,oil,No,No,2
641,0.06,18,45800,1250,57,2,0,1.5,5,gas,No,No,1
642,0.32,32,54200,1286,57,3,1,1,6,gas,No,No,1
643,0.38,0,84800,2886,57,4,1,2.5,10,gas,No,No,2
644,0.42,36,60200,1279,57,3,1,1,4,gas,No,No,1
645,0.2,104,56700,1074,57,3,0,1,7,gas,No,No,1
646,0.58,52,78300,1304,57,3,1,1,4,gas,No,No,2
647,0.04,17,36000,3191,57,3,2,3.5,12,gas,No,No,2
648,0.3,44,64700,1056,57,3,0,1,5,gas,No,No,1
649,0.03,18,19200,1468,57,3,1,2.5,4,gas,No,No,1
650,0.08,115,81000,1598,57,3,0,1.5,6,gas,No,No,2
651,0.14,84,93000,1160,57,3,0,1.5,4,gas,No,No,2
652,0.12,104,89000,1028,57,2,0,1,5,gas,No,No,2
653,0.2,104,105000,2014,57,6,0,1,11,gas,No,No,2
654,0.48,34,63800,1296,57,3,0,1,7,gas,No,No,1
655,0.27,56,62500,932,57,2,0,1,3,gas,No,No,1
656,0.06,15,45800,1290,57,3,1,1.5,5,gas,No,No,1
657,0.17,19,37600,1448,57,2,0,1.5,5,gas,No,No,1
658,0.24,29,49100,1368,57,3,0,1,5,gas,No,No,1
659,0.87,25,90800,3046,57,4,1,1.5,11,gas,No,No,2
660,0.23,32,48200,1272,57,3,0,1.5,8,gas,No,No,1
661,0.59,18,69500,1822,57,4,0,2.5,6,gas,No,No,2
662,0.41,31,105700,1579,57,4,0,1.5,6,gas,No,No,2
663,0.29,32,52400,1660,57,4,1,1.5,7,gas,No,No,1
664,0.32,36,144900,2452,57,3,1,2.5,10,oil,No,No,2
665,0.14,94,50200,2004,57,3,0,2,9,gas,No,No,2
666,1.07,0,193200,4210,57,4,1,3.5,12,gas,No,No,2
667,0.33,32,54800,1640,57,4,0,1.5,9,gas,No,No,1
668,0.17,144,99000,2847,57,3,1,1.5,7,gas,No,No,2
669,0.5,18,65000,1816,57,3,1,2,7,gas,No,No,2
670,0.87,19,93300,2028,57,4,0,2,10,oil,No,No,1
671,0.22,40,54500,775,57,2,0,1,7,gas,No,No,1
672,0.33,34,54800,1368,57,2,0,1,6,gas,No,No,1
673,0.24,34,49100,936,57,3,0,1.5,8,gas,No,No,1
674,0.15,1,114000,1680,57,2,1,2.5,4,gas,No,No,2
675,0.3,33,53000,1368,57,3,0,1,6,gas,No,No,1
676,0.4,34,53000,1326,57,3,1,1.5,7,gas,No,No,1
677,0.21,62,107000,1579,57,3,1,2,4,oil,No,No,2
678,0.25,32,50000,1286,57,3,0,1,8,gas,No,No,1
679,0.84,25,207700,2132,57,3,2,2.5,7,gas,No,No,2
680,0.39,3,85400,2000,57,3,1,2.5,6,gas,No,No,2
681,0.14,3,112100,2222,57,3,0,2.5,6,gas,No,No,2
682,0.41,99,139000,2641,57,4,0,2,9,gas,No,No,2
683,0,5,412600,2472,57,3,1,2.5,9,gas,Yes,No,2
684,0.07,16,48200,1926,57,2,2,3,6,electric,No,No,2
685,0.12,4,108300,1534,57,3,0,2.5,8,gas,No,No,2
686,0.25,39,44000,1490,57,3,0,1.5,4,gas,No,No,2
687,0.22,46,72000,1126,57,3,1,2,8,gas,No,No,2
688,0.23,33,61200,1435,57,3,0,1.5,8,gas,No,No,2
689,0.42,44,60200,1136,57,3,0,1.5,8,gas,No,No,1
690,0.15,2,114000,2162,57,3,1,2.5,9,gas,No,No,2
691,0.34,5,82400,2328,57,3,1,2.5,7,gas,No,No,2
692,0.43,2,87800,2754,57,3,1,2.5,10,gas,No,No,2
693,0.17,40,37600,1504,57,4,0,1.5,6,gas,No,No,1
694,0.39,14,58400,2473,57,4,1,3.5,7,gas,No,No,2
695,0.31,35,47600,2072,57,4,1,2.5,8,gas,No,No,1
696,0.03,18,19200,1480,57,3,1,2.5,7,gas,No,No,1
697,0.17,135,99000,2096,57,3,2,2.5,8,gas,No,No,2
698,0.11,80,50400,1050,57,2,0,1,6,gas,No,No,1
699,0.02,17,18000,1650,57,2,1,2.5,5,gas,No,No,2
700,0.34,26,92300,1596,57,3,0,1.5,6,gas,No,No,2
701,0.17,44,99000,979,57,3,0,2,8,gas,No,No,2
702,0.16,18,53800,1393,57,2,0,1.5,6,gas,No,No,1
703,0.46,44,70200,864,57,2,0,1,7,gas,No,No,1
704,1,1,106800,2744,57,4,0,2.5,10,gas,No,No,2
705,0.06,15,46600,2300,57,3,1,3,10,gas,No,No,2
706,0.29,34,52400,1612,57,3,1,1,5,gas,No,No,1
707,1.08,14,193300,2640,57,4,1,2.5,12,gas,No,No,2
708,0.63,19,65500,775,57,1,0,1,6,oil,No,No,2
709,0.34,26,49400,2470,57,4,1,2.5,10,gas,No,No,2
710,0.58,6,80000,3124,57,4,1,3,9,gas,No,No,2
711,1,14,192500,3254,57,4,1,2.5,12,gas,No,No,2
712,0.4,34,59000,1544,57,3,0,2.5,7,gas,No,No,1
713,0.17,139,1900,1410,38,6,0,1.5,9,gas,No,No,1
714,0.46,44,2100,906,38,2,0,1,3,gas,No,No,1
715,0.23,66,3600,1512,38,3,1,1,8,gas,No,No,1
716,0.2,77,3400,1232,38,3,1,1,8,gas,No,No,1
717,0.21,54,3500,921,38,2,0,1,7,gas,No,No,1
718,0.18,70,3100,1287,38,3,0,1,4,gas,No,No,1
719,0.16,17,5200,2600,38,4,0,3,12,electric,No,No,2
720,0.13,124,1500,1302,38,3,0,2,8,gas,No,No,1
721,0.47,20,4700,1144,38,3,0,1,6,gas,No,No,1
722,0.45,39,5500,1703,38,3,0,2,6,gas,No,No,2
723,0.59,15,4500,1553,38,3,1,2,4,electric,No,No,1
724,0.38,15,1700,1040,38,2,0,1,3,electric,No,No,1
725,0.55,11,7500,2124,38,4,0,3,10,gas,No,No,2
726,0.52,13,4500,1344,38,3,0,2,5,gas,No,No,1
727,0.46,66,3900,884,38,2,0,1,3,gas,No,No,1
728,0.76,11,3800,1812,38,3,0,1.5,7,oil,No,No,1
729,0.46,43,5500,880,38,3,0,1,4,gas,No,No,1
730,0.17,134,2300,1256,38,3,0,2,5,gas,No,No,1
731,0.34,15,5000,1826,38,3,1,2.5,6,gas,No,No,1
732,0.1,126,1100,1134,38,3,0,1.5,7,gas,No,No,1
733,0.54,41,5300,1916,38,4,1,2.5,8,gas,No,No,1
734,0.75,3,1700,1272,38,3,0,1.5,7,gas,No,No,1
735,0.43,39,4900,960,38,3,0,1,6,gas,No,No,1
736,0.15,65,2500,1152,38,2,0,1.5,4,gas,No,No,1
737,0.52,13,4500,840,38,2,0,1,4,gas,No,No,1
738,0.46,34,5500,2106,38,5,0,2,11,gas,No,No,1
739,0.52,10,2500,1632,38,3,0,2,8,gas,No,No,1
740,0.41,9,300,1092,38,3,0,2,8,gas,No,No,1
741,0.44,25,13200,1634,57,3,1,1.5,8,gas,No,No,1
742,0.46,26,13800,1890,57,3,1,2.5,7,gas,No,No,1
743,0.48,32,18400,2224,57,5,2,2.5,11,gas,No,No,2
744,0.65,22,16500,1475,57,3,1,2,6,electric,No,No,1
745,0.08,16,2100,1480,54,3,1,1.5,5,gas,No,No,1
746,0.58,36,13300,1368,54,3,1,1,4,gas,No,No,1
747,0.14,7,7200,1200,36,3,0,1,8,gas,No,No,1
748,0.14,0,7400,840,36,2,0,1,7,gas,No,No,1
749,0.68,54,25900,1176,47,3,0,2,8,oil,No,No,1
750,0.13,0,7400,1380,36,3,0,2,4,gas,No,Yes,1
751,0.29,0,11300,1786,36,3,0,2.5,7,gas,No,Yes,1
752,0.22,17,3400,1480,54,3,0,1.5,4,gas,No,No,1
753,0.5,13,15300,1574,54,3,1,1.5,7,gas,No,No,1
754,0.18,154,7500,950,54,2,0,1.5,5,oil,No,No,1
755,0.55,14,25300,3178,57,4,1,3.5,12,gas,No,No,2
756,0.28,16,10600,1342,57,3,0,1.5,7,gas,No,No,1
757,0.35,20,12000,1336,57,2,1,1.5,5,electric,No,No,1
758,0.25,10,8400,1542,54,3,0,2.5,6,gas,No,No,1
759,2.68,11,21400,2272,54,4,1,3.5,8,oil,No,No,1
760,0.2,15,3400,1480,54,2,1,2.5,4,gas,No,No,1
761,0.02,8,14000,2506,57,4,2,2.5,10,gas,No,No,2
762,0.37,1,15800,1852,30,4,0,2,6,oil,No,No,1
763,0.45,19,14000,1055,57,2,1,1,7,gas,No,No,1
764,0.36,21,40000,1392,57,3,0,1.5,7,gas,No,No,1
765,0.75,53,6500,1608,57,3,1,2,5,oil,No,No,1
766,0.69,15,16900,1564,57,3,1,2,6,gas,No,No,2
767,0.46,17,18400,2068,57,4,1,2.5,10,gas,No,No,2
768,0.69,13,21900,2516,57,4,0,2.5,11,oil,No,No,2
769,0.89,14,19300,1684,38,4,0,1.5,5,electric,No,No,1
770,0.47,18,14100,1481,57,3,0,1.5,5,gas,No,No,1
771,0.15,67,2600,999,20,3,0,1,6,oil,No,No,1
772,0.46,17,4420,896,20,2,0,1,3,oil,No,No,1
773,0.77,50,3000,792,20,2,1,1,7,oil,No,No,2
774,0.85,34,50400,2747,27,4,2,3.5,12,oil,No,No,2
775,0.01,1,43300,2277,63,4,0,2.5,8,gas,No,Yes,2
776,0.02,19,14900,1281,63,2,1,2.5,6,gas,No,No,1
777,0.57,14,43200,2462,63,4,1,2.5,10,gas,No,No,2
778,0.6,9,57000,2897,63,4,2,2.5,12,gas,No,No,2
779,0.41,4,37600,2672,63,4,1,3.5,8,electric,No,No,2
780,0.29,21,26300,1932,63,3,0,1.5,8,gas,No,No,1
781,0.47,11,25500,1320,63,3,0,2.5,7,gas,No,No,1
782,0.61,6,23900,3296,63,4,1,2.5,12,gas,No,No,2
783,1.14,6,82100,3279,63,4,1,3,11,gas,No,No,2
784,0.48,4,37100,3204,63,4,1,2.5,9,gas,No,No,2
785,0.01,16,9900,1217,63,2,0,2.5,6,electric,No,No,1
786,0.31,37,21500,1782,63,3,1,1.5,6,gas,No,No,1
787,0.21,16,28800,1180,63,2,1,1.5,6,gas,No,No,1
788,0.21,16,28000,1452,63,3,1,2,8,electric,No,No,1
789,0.46,13,36600,2140,63,4,1,2.5,8,gas,No,No,2
790,0.01,16,9900,1219,63,2,0,1.5,6,electric,No,No,1
791,0.44,39,24100,1518,63,4,1,1.5,5,gas,No,No,1
792,0.35,0,233000,3328,63,4,1,2.5,12,gas,No,Yes,2
793,0.57,10,54600,2344,63,3,0,2.5,10,gas,No,No,2
794,0.49,74,10600,960,23,2,0,1,7,gas,No,No,1
795,0.04,6,28800,1544,63,3,0,2.5,8,gas,No,No,2
796,0.46,7,36400,2873,63,4,1,2.5,8,gas,No,No,2
797,0.22,18,29600,1180,63,2,1,1.5,6,gas,No,No,1
798,0.62,38,15100,1368,63,3,0,1.5,6,gas,No,No,1
799,0.49,10,38400,1904,63,4,1,2.5,8,gas,No,No,2
800,0.51,11,26900,1320,63,3,0,2,8,gas,No,No,2
801,1,34,25200,1594,63,3,1,1.5,5,gas,No,No,1
802,0.46,8,38100,1847,63,3,1,2.5,7,gas,No,No,2
803,0.46,1,36600,3125,63,4,1,2.5,12,gas,No,Yes,2
804,0.47,7,20000,2004,63,4,1,2.5,10,gas,No,No,2
805,0.49,36,27800,1623,63,3,1,1.5,8,gas,No,No,1
806,0.23,40,22000,1120,41,3,0,1,7,oil,No,No,1
807,0.36,2,53900,2363,63,5,1,2.5,11,gas,No,No,2
808,0.94,9,48200,2572,63,4,1,2.5,11,gas,No,No,2
809,0.34,25,9200,1548,63,3,0,1.5,5,electric,No,No,1
810,1,11,26700,2734,63,3,0,2.5,11,gas,No,No,2
811,0.53,8,38800,1462,63,3,1,2,5,gas,No,No,2
812,0.09,15,25500,1558,63,2,0,2.5,7,gas,No,No,1
813,0.52,34,14000,1664,63,3,0,1.5,8,oil,No,No,1
814,0.37,16,24500,1877,63,4,1,3,10,gas,No,No,2
815,0.33,37,21400,1838,63,3,1,1,7,gas,No,No,1
816,0.5,9,37800,2368,63,4,1,2.5,11,gas,No,No,2
817,0.33,32,22500,2104,63,5,1,1.5,11,gas,No,No,1
818,0.31,16,36800,1180,63,2,0,1.5,7,gas,No,No,1
819,0.53,11,38800,2399,63,4,1,2.5,11,gas,No,No,2
820,0.11,15,15400,1232,63,2,1,1.5,4,gas,No,No,1
821,0.14,17,19600,1180,63,2,0,1.5,6,gas,No,No,1
822,0.55,2,39500,2022,63,4,1,2.5,9,gas,No,No,2
823,0.14,19,21000,1364,63,2,1,1.5,5,gas,No,No,1
824,0.15,17,21000,1343,63,2,1,2.5,6,gas,No,No,1
825,1,70,35900,1492,63,3,0,1,7,oil,No,No,2
826,0.37,37,24500,999,63,3,1,1,6,gas,No,No,1
827,0.34,24,27000,2102,54,3,1,2.5,9,gas,No,No,1
828,0.32,18,27000,1656,54,3,1,1.5,4,gas,No,No,1
829,0.33,18,27000,1561,54,3,0,1.5,7,electric,No,No,1
830,0.15,19,15700,988,54,2,0,2,7,electric,No,No,1
831,0.32,17,27000,1765,54,5,1,2,9,gas,No,No,1
832,0.16,20,15700,912,54,2,1,1.5,4,electric,No,No,1
833,0.16,17,15100,1592,54,3,0,1.5,7,electric,No,No,1
834,0.06,54,3600,1344,54,5,0,1,8,electric,No,No,1
835,0.16,17,15100,1385,54,2,1,1.5,7,electric,No,No,1
836,0.15,17,15100,1385,54,2,0,1.5,5,electric,No,No,1
837,0.15,17,15100,1679,54,2,0,1.5,7,electric,No,No,1
838,0.15,20,15700,908,54,2,0,1,7,electric,No,No,1
839,0.31,16,27000,1527,54,2,1,2,5,gas,No,No,1
840,0.16,20,15700,912,54,2,0,1.5,3,electric,No,No,1
841,0.15,18,15100,1184,54,2,0,1.5,3,electric,No,No,1
842,0.46,26,24500,1719,63,3,1,1.5,7,electric,No,No,1
843,0.16,19,15100,1080,54,2,1,1,6,electric,No,No,1
844,0.33,16,27000,2118,54,4,1,2,9,electric,No,No,2
845,0.33,16,27000,2527,54,3,0,1.5,10,electric,No,No,2
846,0.49,15,25000,1592,54,3,1,1.5,8,gas,No,No,2
847,0.32,18,27000,1294,54,3,0,1,4,electric,No,No,1
848,0.94,33,25200,1974,63,4,1,2.5,8,gas,No,No,1
849,0.16,17,15700,988,54,2,1,2,7,electric,No,No,1
850,0.36,20,27000,1508,54,3,1,2,8,gas,No,No,2
851,0.16,17,15600,908,54,2,0,1,4,electric,No,No,1
852,0.35,20,27000,1910,54,4,1,2,7,electric,No,No,2
853,0.15,18,15700,912,54,2,0,1.5,5,electric,No,No,1
854,0.16,20,15700,912,54,2,0,1.5,5,electric,No,No,1
855,0.16,19,15700,988,54,2,0,2,4,electric,No,No,1
856,0.35,20,27000,1748,54,2,0,2,4,electric,No,No,1
857,0.16,18,15700,912,54,2,1,1.5,3,electric,No,No,1
858,0.15,17,15100,1385,54,3,0,1.5,8,electric,No,No,1
859,0.43,15,25000,1300,54,3,0,1.5,7,gas,No,No,2
860,0.15,17,15600,908,54,2,0,1,7,electric,No,No,1
861,1,25,21700,1900,54,3,0,2,7,electric,No,No,2
862,0.33,16,27000,2191,54,3,1,2.5,7,electric,No,No,1
863,0.16,25,15100,1080,54,2,1,1,4,gas,No,No,1
864,0.59,15,25000,1300,54,3,1,1.5,5,gas,No,No,1
865,0.4,1,15000,2458,63,4,1,2.5,10,gas,No,No,2
866,0.35,22,10500,1040,63,3,0,1,4,electric,No,No,1
867,0.44,0,13000,2886,63,4,1,3,12,gas,No,Yes,2
868,0.14,8,3700,1840,23,3,0,1,6,gas,No,No,1
869,0.37,19,13000,1988,63,2,0,1,4,electric,No,No,1
870,1,43,22900,672,57,2,0,1,3,oil,No,No,2
871,1.96,13,18400,1512,57,2,0,2,4,oil,No,No,1
872,0.16,20,15700,912,54,2,1,1.5,6,electric,No,No,1
873,0.15,19,15700,912,54,2,0,1.5,6,electric,No,No,1
874,0.15,17,15000,1385,54,2,0,1.5,5,electric,No,No,1
875,0.31,18,27000,1508,54,3,1,1.5,8,gas,No,No,1
876,0.15,17,15100,1385,54,2,0,1.5,5,electric,No,No,1
877,0.15,19,15100,1628,54,3,0,2.5,6,electric,No,No,1
878,0.16,17,15100,1592,54,3,0,1.5,5,electric,No,No,1
879,0.06,54,3600,1344,54,5,0,1,7,electric,No,No,1
880,0.16,17,15100,1385,54,2,1,1.5,7,electric,No,No,1
881,0.15,17,15100,1385,54,2,0,1.5,4,electric,No,No,1
882,0.15,17,15100,1679,54,2,0,1.5,4,electric,No,No,1
883,0.15,20,15700,908,54,2,0,1,3,electric,No,No,1
884,0.31,16,27000,1527,54,2,1,2,7,gas,No,No,1
885,0.16,20,15700,912,54,2,0,1.5,3,electric,No,No,1
886,0.15,18,15100,1184,54,2,0,1.5,3,electric,No,No,1
887,0.46,26,24500,1719,63,3,1,1.5,5,electric,No,No,1
888,0.16,19,15100,1080,54,2,1,1,5,electric,No,No,1
889,0.33,16,27000,2118,54,4,1,2,10,electric,No,No,2
890,0.33,16,27000,2527,54,3,0,1.5,8,electric,No,No,2
891,0.49,15,25000,1592,54,3,1,1.5,7,gas,No,No,2
892,0.32,18,27000,1294,54,3,0,1,4,electric,No,No,1
893,0.94,33,25200,1974,63,4,1,2.5,9,gas,No,No,1
894,0.16,17,15700,988,54,2,1,2,3,electric,No,No,1
895,0.36,20,27000,1508,54,3,1,2,7,gas,No,No,2
896,0.16,17,15600,908,54,2,0,1,4,electric,No,No,1
897,0.35,20,27000,1910,54,4,1,2,10,electric,No,No,2
898,0.15,18,15700,912,54,2,0,1.5,7,electric,No,No,1
899,0.16,20,15700,912,54,2,0,1.5,7,electric,No,No,1
900,0.16,19,15700,988,54,2,0,2,5,electric,No,No,1
901,0.35,20,27000,1748,54,2,0,2,6,electric,No,No,1
902,0.16,18,15700,912,54,2,1,1.5,6,electric,No,No,1
903,0.15,17,15100,1385,54,3,0,1.5,7,electric,No,No,1
904,0.43,15,25000,1300,54,3,0,1.5,4,gas,No,No,2
905,0.15,17,15600,908,54,2,0,1,5,electric,No,No,1
906,1,25,21700,1900,54,3,0,2,8,electric,No,No,2
907,0.33,16,27000,2191,54,3,1,2.5,8,electric,No,No,1
908,0.16,25,15100,1080,54,2,1,1,5,gas,No,No,1
909,0.59,15,25000,1300,54,3,1,1.5,5,gas,No,No,1
910,0.4,1,15000,2458,63,4,1,2.5,11,gas,No,No,2
911,0.35,22,10500,1040,63,3,0,1,8,electric,No,No,1
912,0.44,0,13000,2886,63,4,1,3,11,gas,No,Yes,2
913,0.14,8,3700,1840,23,3,0,1,7,gas,No,No,1
914,0.37,19,13000,1988,63,2,0,1,5,electric,No,No,1
915,1,43,22900,672,57,2,0,1,5,oil,No,No,2
916,1.96,13,18400,1512,57,2,0,2,6,oil,No,No,1
917,0.28,52,23200,1635,63,4,0,1.5,5,oil,No,No,1
918,0.31,39,25100,1672,63,4,0,1.5,5,gas,No,No,1
919,0.25,26,29000,1892,63,3,2,2,6,gas,No,No,1
920,0.56,18,30800,1652,63,3,1,2,6,gas,No,No,1
921,0.6,21,91600,2513,63,4,1,2.5,8,gas,No,No,2
922,0.47,1,14100,3336,63,4,1,3.5,12,gas,No,No,2
923,0.05,17,16000,1302,63,2,1,1.5,4,gas,No,No,1
924,0.58,16,38200,2006,63,3,1,2,5,gas,No,No,2
925,0.29,27,22700,1836,63,4,1,1.5,8,gas,No,No,1
926,1,49,69600,1994,60,3,1,2,9,oil,No,No,2
927,0.5,19,29000,1652,63,3,1,2,6,gas,No,No,1
928,0.57,8,31100,1888,63,3,1,2.5,7,gas,No,No,2
929,0.08,19,17200,1480,63,3,1,1.5,5,gas,No,No,1
930,0.2,19,19000,1234,63,2,1,2,7,electric,No,No,1
931,0.3,31,24500,1778,63,3,1,1.5,7,gas,No,No,1
932,0.65,23,72000,2514,63,5,1,2.5,10,gas,No,No,2
933,0.56,35,30800,2700,63,4,1,2.5,10,gas,No,No,2
934,0.7,21,39200,2330,63,4,1,3.5,8,gas,No,No,2
935,0.6,33,32000,2676,63,4,1,2.5,11,gas,No,No,1
936,2.85,25,54700,2180,60,4,1,2,8,electric,No,No,2
937,0.47,21,48300,2284,63,4,1,2.5,9,gas,No,No,2
938,0.06,19,16400,1314,63,2,0,1.5,6,electric,No,No,1
939,0.41,35,44300,2396,63,4,1,2.5,11,gas,No,No,2
940,0.57,45,33200,2088,63,4,1,2,8,gas,No,No,1
941,0.48,39,28200,2310,63,5,1,2.5,11,gas,No,No,1
942,0.53,19,65800,2040,63,4,1,2.5,10,gas,No,No,2
943,12.2,19,111300,2599,63,3,1,2.5,11,electric,No,No,2
944,0.61,16,29100,1702,63,3,1,1.5,6,gas,No,No,2
945,0.49,18,28600,2125,63,4,1,2.5,8,gas,No,No,2
946,0.6,38,32000,2310,63,4,1,2.5,10,gas,No,No,1
947,0.12,31,18200,1431,63,3,0,1.5,8,gas,No,No,1
948,0.15,20,18500,924,63,2,0,1,7,gas,No,No,1
949,0.77,126,36300,1799,60,3,1,1,6,gas,No,No,1
950,0.26,23,18200,976,63,3,0,2,5,electric,No,No,1
951,0.66,19,53000,2217,63,4,1,2.5,8,gas,No,No,2
952,0.57,102,25800,1969,77,4,2,1,6,oil,No,No,1
953,0.47,19,75200,2376,63,3,1,2.5,8,gas,No,No,2
954,0.48,18,36700,1585,63,3,1,1.5,5,gas,No,No,1
955,0.46,32,32700,1453,63,4,1,2,7,gas,No,No,2
956,0.57,12,67300,2973,63,4,1,3,11,oil,No,No,2
957,0.43,37,31400,1612,63,3,1,1.5,7,gas,No,No,1
958,0.58,4,17400,2734,63,3,1,2.5,9,gas,No,No,2
959,0.15,22,18500,1479,63,3,1,1.5,5,electric,No,No,1
960,0.14,19,18400,945,63,2,0,1,3,electric,No,No,1
961,0.4,25,25000,1938,63,4,1,2.5,8,gas,No,No,2
962,0.1,174,32800,1364,63,5,1,1,9,oil,No,No,1
963,0.5,2,15000,3242,63,4,1,2.5,11,gas,No,No,2
964,0.42,23,57500,1571,63,3,2,2,7,gas,No,No,2
965,0.09,21,17600,1314,63,2,1,1.5,6,electric,No,No,1
966,0.46,3,16100,2413,63,4,1,1.5,11,gas,No,No,2
967,0.48,56,31800,900,77,2,1,1,5,oil,No,No,1
968,0.58,0,17400,3157,63,4,1,3.5,10,gas,No,No,2
969,0.28,102,22400,908,60,2,1,1,7,oil,No,No,1
970,0.13,20,18300,924,63,2,0,1,6,electric,No,No,1
971,0.12,18,18200,1138,63,2,1,1,6,electric,No,No,1
972,0.45,38,27000,2310,63,5,1,2.5,12,gas,No,No,2
973,0.46,30,30400,1874,63,4,1,2,9,gas,No,No,1
974,0.29,20,20300,1228,63,4,0,1.5,6,electric,No,No,1
975,0.06,19,16400,1479,63,3,1,1.5,5,gas,No,No,1
976,0.44,38,31800,1612,63,3,0,1.5,6,gas,No,No,1
977,0.49,22,48800,2088,63,4,1,2.5,6,electric,No,No,2
978,0.4,4,30000,2131,63,4,1,2.5,10,gas,No,No,2
979,0.15,20,18500,924,63,2,1,1,5,gas,No,No,1
980,0.34,74,24800,1692,60,4,0,1.5,8,electric,No,No,1
981,0.28,82,12600,1568,63,3,0,1,7,gas,No,No,1
982,0.57,35,33200,2262,77,4,1,2.5,9,gas,No,No,2
983,0.61,8,71200,2960,63,4,1,2.5,10,gas,No,No,2
984,0.45,31,27000,1683,63,4,1,2.5,8,gas,No,No,1
985,0.86,36,35800,2680,63,5,1,3.5,12,gas,No,No,2
986,0.38,26,40100,2742,77,3,1,3,8,oil,No,No,2
987,0.5,30,29000,2012,63,4,1,2.5,10,gas,No,No,2
988,0.35,31,27800,2702,63,5,1,1.5,9,gas,No,No,2
989,0.13,21,18300,1314,63,2,1,1.5,6,gas,No,No,1
990,0.56,38,34800,1672,63,3,1,1.5,8,gas,No,No,1
991,0.2,55,7700,1200,63,2,0,1,4,oil,No,No,1
992,0.29,4,35800,1700,63,3,1,2.5,6,gas,No,No,1
993,0.5,40,29000,2652,63,5,1,3.5,12,gas,No,No,2
994,0.77,16,74400,3062,63,4,1,2.5,9,gas,No,No,2
995,0.09,25,17600,1290,63,2,1,1.5,5,gas,No,No,1
996,0.22,23,15400,1012,63,3,0,2,5,electric,No,No,1
997,0.71,35,35100,2310,63,4,1,2.5,7,gas,No,No,2
998,0.33,31,26500,2026,63,3,1,2.5,7,gas,No,No,2
999,1,18,31800,1404,63,3,0,1,6,gas,No,No,2
1000,0.23,13,34100,1782,60,3,0,1,8,gas,No,No,2
1001,0.11,15,42000,2002,63,3,1,2.5,8,gas,No,No,2
1002,0.61,36,35100,1782,63,4,1,1.5,7,gas,No,No,1
1003,0.46,11,27400,2212,63,4,1,2.5,10,oil,No,No,2
1004,1.28,84,34600,1872,63,4,0,1,7,oil,No,No,2
1005,0.71,36,35100,1804,63,4,1,2.5,7,gas,No,No,2
1006,0.47,41,27800,1910,63,3,1,2.5,5,gas,No,No,2
1007,0.42,28,30900,1632,63,3,1,1.5,7,gas,No,No,1
1008,1.93,16,131500,3824,63,3,2,4,12,gas,No,No,2
1009,0.48,32,33600,1196,63,3,0,1.5,5,gas,No,No,1
1010,0.42,30,23200,2259,63,4,1,2.5,11,gas,No,No,2
1011,0.48,39,25400,1690,63,3,1,2,6,gas,No,No,2
1012,0.12,19,18200,1227,63,2,1,2,6,gas,No,No,1
1013,1.48,57,36000,1278,63,3,1,1,7,gas,No,No,1
1014,0.33,77,33500,668,60,1,0,1,2,oil,No,No,1
1015,0.46,17,60500,2762,63,4,1,2.5,8,gas,No,No,2
1016,0.32,38,42500,1558,63,3,1,1,4,gas,No,No,1
1017,0.92,11,36100,1352,63,3,0,2,5,electric,No,No,1
1018,0.46,37,27400,1920,63,5,1,2.5,9,gas,No,No,2
1019,0.34,6,36000,1940,63,3,1,2.5,7,gas,No,No,2
1020,0.23,30,19300,1249,63,3,0,1.5,8,gas,No,No,1
1021,0.28,27,19600,1576,63,3,0,2.5,4,gas,No,No,1
1022,0.07,30,16800,1419,63,3,0,1.5,4,gas,No,No,1
1023,0.29,4,35800,1700,63,3,1,2.5,7,gas,No,No,2
1024,0.77,15,38700,2748,63,4,1,3.5,8,gas,No,No,2
1025,0.33,18,35500,1792,63,3,1,2.5,7,gas,No,No,2
1026,0.66,36,35300,1724,63,3,0,1.5,8,electric,No,No,2
1027,1,15,83600,2692,63,3,1,3.5,8,gas,No,No,2
1028,0.39,29,24600,1734,63,4,1,2.5,7,oil,No,No,2
1029,0.31,32,25100,2014,63,3,1,1.5,7,gas,No,No,2
1030,0.42,36,30900,2056,63,4,1,1.5,9,gas,No,No,2
1031,0.46,36,32700,1745,63,4,0,1.5,6,gas,No,No,1
1032,0.14,13,18400,1352,63,2,1,1.5,5,gas,No,No,1
1033,0.5,30,29000,2259,63,4,1,2.5,9,gas,No,No,2
1034,0.35,33,35300,2572,60,3,1,2.5,11,gas,No,No,2
1035,0.15,18,18500,924,63,2,1,1,7,electric,No,No,1
1036,0.32,21,35000,2000,63,3,0,1.5,7,gas,No,No,1
1037,0.17,21,11900,929,63,2,0,1.5,6,gas,No,No,1
1038,0.48,42,15800,1540,77,4,0,1,7,oil,No,No,1
1039,0.77,44,47000,1730,63,3,1,2,9,oil,No,No,2
1040,0.95,50,36800,1500,63,3,1,1,5,oil,No,No,1
1041,0.53,10,65800,2522,63,4,1,2.5,12,gas,No,No,2
1042,0.06,19,16400,1479,63,3,1,1.5,4,electric,No,No,1
1043,0.46,36,32700,1922,63,4,1,1.5,9,gas,No,No,1
1044,0.18,20,12600,1215,63,2,1,1.5,5,gas,No,No,1
1045,0.47,33,33200,2772,63,5,2,3,12,gas,No,No,2
1046,0.47,6,16500,2574,63,4,0,2.5,12,gas,No,No,2
1047,0.19,21,18900,945,63,2,0,1,3,electric,No,No,1
1048,1.82,19,130700,2914,63,4,1,3.5,10,gas,No,No,2
1049,0.21,19,14700,1480,63,3,0,1.5,7,electric,No,No,1
1050,0.42,32,29400,1914,63,3,1,1.5,5,gas,No,No,2
1051,0.36,27,37000,1354,63,3,1,2,5,gas,No,No,1
1052,0.49,4,36900,2302,63,4,1,2.5,7,gas,No,No,2
1053,0.21,19,19100,1234,63,2,1,2,6,electric,No,No,1
1054,0.09,18,17600,1480,63,3,0,1.5,6,electric,No,No,1
1055,0.29,27,33000,1665,63,4,1,2,5,gas,No,No,2
1056,0.4,6,12000,2182,63,3,1,2.5,10,gas,No,No,2
1057,0.23,18,19300,924,63,2,1,1,7,electric,No,No,1
1058,1,19,49300,1220,63,3,0,2,5,electric,No,No,1
1059,0.09,18,17600,1480,63,3,0,1.5,8,electric,No,No,1
1060,0.08,21,17200,1375,63,2,1,1.5,3,electric,No,No,1
1061,0.47,22,61300,2003,63,3,1,2.5,7,gas,No,No,2
1062,0.07,15,1800,1480,54,2,1,2.5,5,gas,No,No,1
1063,0.06,15,1600,1480,54,3,0,1.5,6,gas,No,No,1
1064,0.25,11,8300,1456,54,3,0,1,8,gas,No,No,1
1065,0.72,5,27200,1888,57,3,1,2.5,9,gas,No,No,2
1066,0.92,28,8700,1112,54,3,0,1,8,oil,No,No,1
1067,0.19,16,3400,1480,54,2,1,1.5,6,gas,No,No,1
1068,0.07,15,1800,1480,54,2,1,2.5,3,electric,No,No,1
1069,0.35,27,7900,1836,54,3,0,2,5,gas,No,No,1
1070,0.98,96,16100,1522,54,4,0,2,7,oil,No,No,1
1071,2.92,1,20000,2709,36,3,1,2.5,10,gas,No,No,2
1072,0.99,10,9900,1020,57,3,0,2,5,oil,No,No,1
1073,4,20,14000,2208,36,4,1,2,10,gas,No,No,2
1074,0.46,18,7800,1368,57,3,0,1,7,electric,No,No,1
1075,0.8,28,18000,2488,57,4,1,2.5,7,gas,No,No,2
1076,0.46,7,18400,1865,57,3,0,2.5,8,gas,No,No,2
1077,0.46,10,18400,3174,57,4,0,4,12,gas,No,No,2
1078,0.74,17,23000,2944,57,5,1,2.5,12,gas,No,No,2
1079,0.46,23,7800,960,57,3,0,1,4,gas,No,No,1
1080,0.82,15,15000,3142,57,4,1,2.5,11,gas,No,No,2
1081,0.46,32,11500,1666,57,4,1,2,9,oil,No,No,1
1082,0.07,77,14100,708,57,2,1,1,7,oil,No,No,1
1083,0.79,17,17900,1598,57,3,1,2,8,oil,No,No,2
1084,1,13,4000,1564,27,3,1,2,4,gas,No,No,1
1085,0.63,14,5500,1224,36,3,0,1.5,7,gas,No,No,1
1086,0.21,77,3500,1379,36,3,0,1,7,gas,No,No,1
1087,0.41,41,25400,2310,64,4,1,2.5,7,gas,No,No,2
1088,0.01,14,1200,960,33,2,0,1.5,6,gas,No,No,1
1089,1.28,16,50000,960,21,3,0,1,8,electric,No,No,2
1090,1.64,52,25700,1820,52,4,2,2.5,7,gas,No,No,2
1091,0.33,95,2500,1632,27,3,0,2,4,oil,No,No,1
1092,0.09,90,5900,1594,40,2,0,2,3,gas,No,No,2
1093,1.19,16,17900,1290,62,3,0,2,5,oil,No,No,1
1094,0.4,11,300,1560,36,3,0,1.5,7,gas,No,No,1
1095,0.9,46,7400,1453,36,4,1,1.5,7,oil,No,No,1
1096,1,40,17000,1664,62,3,1,2,8,oil,No,No,1
1097,0.1,18,16200,2169,62,3,1,2.5,10,electric,No,No,2
1098,0.02,9,20000,1420,62,3,0,1,8,gas,No,No,1
1099,0.18,71,3100,1441,36,3,0,1.5,8,gas,No,No,1
1100,0.76,4,18100,1016,62,3,0,1.5,5,gas,No,No,1
1101,0.46,0,15200,2947,52,4,1,2.5,10,gas,No,Yes,2
1102,0.59,11,16700,1652,62,3,0,1.5,5,oil,No,No,1
1103,0.91,105,13200,1927,62,3,0,1.5,7,oil,No,No,2
1104,1,11,16000,960,62,3,0,1,5,gas,No,No,1
1105,0.46,28,15700,1804,62,3,1,1.5,7,electric,No,No,1
1106,0.23,1,72300,2616,62,4,1,2.5,8,gas,No,No,2
1107,1.2,42,17900,1116,62,2,0,1.5,6,oil,No,No,1
1108,1,52,19200,2147,62,2,1,1.5,7,oil,No,No,1
1109,0.87,36,17400,876,62,2,2,1.5,3,oil,No,No,1
1110,0.79,26,16100,2102,62,4,1,2.5,10,electric,No,No,2
1111,1,15,12100,1776,62,3,1,1.5,5,oil,No,No,2
1112,4.84,3,21500,1996,62,3,1,3,8,gas,No,No,2
1113,0.16,165,7200,1759,35,3,0,1,5,gas,No,No,1
1114,1,10,16200,1014,62,3,0,1,7,gas,No,No,1
1115,0.29,5,7400,2270,35,4,0,2.5,10,gas,No,No,2
1116,0.31,85,3400,1548,27,3,0,1.5,8,oil,No,No,1
1117,0.39,3,15000,1620,35,3,0,2,4,gas,No,No,1
1118,1.05,40,49800,2608,52,4,2,2.5,8,gas,No,No,2
1119,1,15,24500,1080,35,3,0,2,4,electric,No,No,1
1120,0.3,76,38300,1140,50,3,0,2,5,gas,Yes,No,2
1121,0.6,34,2700,1152,36,3,0,1,5,gas,No,No,1
1122,5.52,20,5900,1056,36,2,0,1,7,electric,No,No,1
1123,0.48,2,13400,1257,62,3,0,2,8,gas,No,No,1
1124,0.15,25,7200,936,35,2,1,1.5,3,gas,No,No,1
1125,0.04,30,1400,1140,33,3,0,1.5,5,electric,No,No,1
1126,0.01,14,1200,960,33,2,0,1.5,3,gas,No,No,1
1127,0.25,6,15000,1058,35,2,0,1.5,4,gas,No,No,1
1128,1,29,23000,768,35,2,0,1,6,electric,No,No,1
1129,2,14,38900,2048,52,4,1,2.5,10,oil,No,No,2
1130,0.29,7,1100,1198,33,2,1,2,3,gas,No,No,1
1131,1,27,5000,2430,50,4,0,1,9,electric,No,No,2
1132,0.41,35,1300,918,50,3,0,1,7,oil,No,No,1
1133,0.89,46,4500,2722,50,4,1,1.5,11,oil,No,No,2
1134,0.46,0,11100,2364,33,4,1,2.5,8,gas,No,No,2
1135,1,15,5000,1440,50,3,0,1,4,oil,No,No,1
1136,0.27,27,4600,1744,50,3,0,1,7,oil,No,No,2
1137,0.14,105,600,2280,33,4,0,1.5,10,oil,No,No,1
1138,0.42,130,1700,1736,33,3,0,2,5,oil,No,No,1
1139,0.74,95,2700,883,50,1,0,1,2,oil,No,No,1
1140,0.1,145,600,1001,50,2,0,1,5,gas,No,No,1
1141,1.73,34,11500,1296,50,3,0,1,5,oil,No,No,2
1142,0.47,14,16400,2304,40,3,1,2.5,9,electric,No,No,2
1143,0.62,13,28500,2076,52,3,1,2.5,9,gas,No,No,2
1144,0.34,51,19000,1468,52,4,0,1,5,oil,No,No,1
1145,0.34,50,19000,1272,52,3,1,1.5,5,gas,No,No,1
1146,3.28,11,39900,1900,43,3,1,2.5,9,oil,No,No,2
1147,0.47,53,23700,1548,52,3,0,1.5,8,oil,No,No,2
1148,2,35,36600,2212,52,4,1,1.5,8,electric,No,No,2
1149,0.3,0,35800,2376,52,4,1,2.5,10,gas,No,No,2
1150,0.41,33,13500,1712,52,3,1,1.5,7,oil,No,No,1
1151,0.99,1,5000,2660,62,4,1,3.5,8,gas,No,No,2
1152,0.29,5,25000,1487,36,3,0,3,5,oil,No,No,2
1153,2.03,30,10200,1532,36,3,1,1.5,8,electric,No,No,2
1154,0.61,21,16100,2486,62,4,1,2.5,11,gas,No,No,2
1155,0.46,25,13800,1918,62,3,0,2,8,gas,No,No,2
1156,0.51,47,14600,1270,21,3,0,1,7,oil,No,No,1
1157,0.17,19,15200,1406,40,2,0,1.5,7,electric,No,No,1
1158,0.15,18,15100,1385,40,2,0,1.5,6,electric,No,No,1
1159,0.45,16,25000,1300,40,3,0,1.5,4,gas,No,No,2
1160,0.87,0,108900,3259,40,4,1,2.5,10,gas,No,Yes,2
1161,0.08,9,1000,1536,36,3,0,1.5,7,gas,No,No,1
1162,0.58,14,19000,1636,35,4,1,1.5,9,oil,No,No,1
1163,0.41,15,18700,1944,35,3,1,1.5,7,gas,No,No,1
1164,0.46,19,18800,1676,35,3,1,2,7,gas,No,No,2
1165,0.47,12,10700,1040,36,3,0,1,5,gas,No,No,1
1166,0.01,13,1000,1800,36,3,1,2.5,7,gas,No,No,2
1167,0.14,85,7800,1394,21,3,1,1.5,6,oil,No,No,1
1168,0.47,5,20400,1885,21,2,1,2,7,oil,Yes,No,2
1169,0.61,1,19500,1056,21,3,0,2,4,oil,No,No,1
1170,0.16,38,54900,1593,62,3,0,1.5,4,gas,No,No,1
1171,0.05,125,45000,1436,62,4,0,1,5,oil,No,No,1
1172,0.38,34,57800,1668,62,4,1,1.5,5,gas,No,No,1
1173,0.25,35,50000,1302,62,3,0,2,4,gas,No,No,1
1174,0.37,33,57200,1239,62,3,1,1,7,gas,No,No,1
1175,0.31,85,64400,840,62,2,0,1,3,oil,No,No,1
1176,0.19,55,103000,780,62,2,0,1.5,6,gas,No,No,2
1177,0.29,3,64400,1728,62,3,0,2.5,7,gas,No,No,2
1178,0.18,140,56700,1666,62,3,0,1,8,gas,No,No,2
1179,0.24,4,75400,2022,62,3,1,2.5,7,gas,No,No,2
1180,0.08,46,183300,2225,62,4,1,2,9,gas,No,No,2
1181,0.17,115,53700,1023,62,2,0,1,6,gas,No,No,2
1182,0.13,17,51400,1290,62,2,0,1.5,4,electric,No,No,2
1183,0.48,31,72600,3968,62,5,4,3.5,12,gas,No,No,2
1184,0.14,129,93000,1699,62,4,0,1,9,gas,No,No,2
1185,0.48,27,57800,2137,62,4,0,1,9,gas,No,No,2
1186,0.03,5,27000,1428,62,2,1,2.5,4,gas,No,No,2
1187,0.24,35,49100,936,62,3,0,1,8,gas,No,No,1
1188,0.21,3,70600,2586,62,4,1,3,10,gas,No,No,2
1189,0.16,6,36800,1373,62,3,1,2,5,gas,No,No,2
1190,0.28,33,51800,1272,62,3,0,1,6,gas,No,No,1
1191,0.3,33,53000,1368,62,3,1,2,8,gas,No,No,1
1192,0.29,18,46400,2120,62,4,1,2.5,11,gas,No,No,2
1193,0.3,34,53000,1279,62,2,0,1,5,gas,No,No,1
1194,0.53,35,66500,1104,62,2,0,1,3,gas,No,No,1
1195,0.28,41,64000,1092,62,3,1,1,4,gas,No,No,2
1196,0.11,121,87000,2247,62,4,0,2,10,gas,No,No,2
1197,0.18,53,101000,1146,62,4,0,1.5,7,gas,No,No,2
1198,0.53,23,225800,3250,62,3,2,2.5,10,gas,No,No,2
1199,0.35,18,50000,1920,62,4,1,2.5,10,gas,No,No,2
1200,0.5,0,65000,1932,62,3,1,2,7,gas,No,No,2
1201,0.14,4,112100,1620,62,3,0,2.5,7,gas,No,No,2
1202,0.22,50,72000,1640,62,3,0,1,4,gas,No,No,2
1203,0.17,39,55800,1040,62,5,0,1.5,6,gas,No,No,1
1204,5.35,37,137800,1676,62,4,0,2,8,oil,No,No,2
1205,0.33,16,48800,1991,62,3,1,2.5,6,gas,No,No,2
1206,0.24,17,60200,1908,62,4,1,3.5,9,gas,No,No,2
1207,0.57,85,62500,966,62,3,0,1,4,oil,No,No,2
1208,0.03,19,27000,1815,62,2,1,2.5,5,gas,No,No,2
1209,0.3,32,53000,1664,62,3,0,1,7,gas,No,No,1
1210,0.04,19,25600,1216,62,2,1,2,4,gas,No,No,2
1211,0.16,33,54900,1564,62,3,0,2,7,gas,No,No,1
1212,0.31,32,143200,2752,62,4,1,2.5,10,gas,No,No,2
1213,0.25,35,50000,936,62,3,0,1,4,gas,No,No,1
1214,0.14,95,50800,1617,62,4,0,1.5,9,gas,No,No,2
1215,0.12,69,195000,1452,62,3,1,2,5,gas,No,No,2
1216,0.31,5,80600,1911,62,3,1,2.5,6,gas,No,No,2
1217,0.28,31,80800,1580,62,3,0,1.5,4,gas,No,No,2
1218,0.27,34,51200,1920,62,3,1,1,5,gas,No,No,1
1219,0.21,80,115000,1155,62,4,0,1.5,7,gas,No,No,2
1220,0.34,3,82400,3770,62,4,1,2.5,12,gas,No,No,2
1221,0.04,18,36000,1675,62,2,1,2.5,6,gas,No,No,2
1222,0.21,33,107000,912,62,3,0,1,4,gas,No,No,2
1223,0.17,115,55800,1510,62,3,0,1,8,gas,No,No,2
1224,0.16,35,54900,864,62,2,0,1,6,gas,No,No,1
1225,0.46,35,62600,1600,62,4,0,2,6,gas,No,No,2
1226,0.07,15,48200,1744,62,3,1,2.5,5,gas,No,No,2
1227,0.69,3,101500,3208,62,4,1,2.5,11,gas,No,No,2
1228,0.06,16,45800,1290,62,2,0,1.5,7,gas,No,No,2
1229,0.03,19,27000,1900,62,2,1,2.5,7,gas,No,No,2
1230,1,25,24700,2808,35,3,0,1,11,oil,No,No,1
1231,0.19,18,7300,1576,35,3,0,1.5,4,gas,No,No,2
1232,0.2,135,7300,1118,35,3,0,1,5,gas,No,No,1
1233,1.09,8,23000,1752,35,3,2,2,6,gas,No,No,2
1234,0.02,32,22500,1753,35,3,0,1.5,5,electric,No,No,1
1235,1,14,128500,2186,62,3,0,2.5,10,gas,No,No,2
1236,0.25,35,50000,1800,62,2,0,1,5,gas,No,No,1
1237,0.46,30,56600,2462,62,5,1,2.5,10,gas,No,No,2
1238,0.2,50,70000,1286,62,5,0,2,10,gas,No,No,2
1239,0.16,35,97000,1337,62,3,0,1,8,gas,No,No,1
1240,0.17,5,37600,1170,62,2,1,2.5,4,gas,No,No,2
1241,0.55,53,73400,1185,62,3,0,1,4,gas,No,No,2
1242,0.5,19,59000,2424,62,4,1,2.5,8,gas,No,No,2
1243,0.09,125,83000,1828,62,3,0,1.5,7,gas,No,No,2
1244,0.34,41,80000,2176,62,4,1,2.5,8,electric,No,No,2
1245,0.39,4,85400,2000,62,3,1,2.5,6,gas,No,No,2
1246,0.18,10,38400,1340,62,3,1,2.5,8,gas,No,No,2
1247,0.13,52,63000,1208,62,3,0,1,6,gas,No,No,2
1248,0.19,2,57600,2244,62,4,1,2.5,10,gas,No,No,2
1249,0.3,31,53000,1592,62,3,1,1.5,7,gas,No,No,1
1250,0.39,17,52400,1831,62,3,1,2.5,7,gas,No,No,2
1251,0.01,37,182600,1093,62,2,1,1.5,5,gas,No,No,2
1252,0.12,110,89000,1460,62,2,0,1,5,gas,No,No,2
1253,0.25,152,115000,2128,62,3,1,1.5,10,gas,No,No,2
1254,0.24,30,49100,1368,62,3,0,1,5,gas,No,No,1
1255,0.15,1,36000,2200,62,3,1,2.5,8,gas,No,No,2
1256,0.25,23,61000,2310,62,2,1,3,8,gas,No,No,2
1257,0.04,12,25600,1776,62,3,1,2.5,7,gas,No,No,2
1258,0.05,8,32000,1852,62,3,0,2.5,9,electric,No,No,2
1259,0.32,42,144900,1092,62,2,0,2,4,gas,No,No,2
1260,0.11,121,87000,2247,62,4,0,2,8,gas,No,No,2
1261,0.11,19,49800,1311,62,3,0,1.5,8,gas,No,No,1
1262,0.13,4,110200,1392,62,3,0,2.5,4,gas,No,No,2
1263,0.4,33,59000,1116,62,4,0,1.5,8,gas,No,No,1
1264,0.1,115,49500,812,62,2,0,1,4,gas,No,No,1
1265,0.48,27,31700,1872,52,4,1,2.5,8,gas,No,No,1
1266,0.75,8,20500,1248,40,3,0,2,5,electric,No,No,1
1267,0.19,3,97300,1702,52,2,0,2,4,gas,Yes,No,2
1268,0.51,57,13300,1346,52,2,1,1,4,oil,No,No,1
1269,0.63,20,17700,1596,52,3,1,2,6,gas,No,No,2
1270,0.09,57,1000,884,36,3,0,1,7,gas,No,No,1
1271,0.13,137,700,814,36,2,0,1,3,gas,No,No,1
1272,0.19,71,3200,720,36,2,0,1,5,gas,No,No,1
1273,0.57,28,2600,2051,36,3,0,1,5,electric,No,No,1
1274,0.92,11,2600,1590,36,2,1,2,6,oil,No,No,2
1275,0.35,39,1600,1202,36,3,0,1,6,electric,No,No,1
1276,0.86,16,4300,2016,36,3,0,1.5,5,oil,No,No,2
1277,0.8,6,2000,1274,36,3,1,2,6,gas,No,No,2
1278,0.36,40,3600,960,36,3,0,1,5,oil,No,No,1
1279,0.44,47,4000,1056,36,3,0,1,6,gas,No,No,1
1280,0.25,12,5200,1820,36,3,0,3.5,8,oil,No,No,2
1281,0.65,27,16500,2486,62,4,1,2.5,7,gas,No,No,2
1282,0.46,27,13800,1890,62,3,0,2.5,9,gas,No,No,2
1283,0.7,84,4600,1274,36,4,1,1,6,oil,No,No,1
1284,0.55,14,3000,1716,36,4,0,2,6,oil,No,No,2
1285,0.35,22,12000,1336,62,2,1,1.5,4,electric,No,No,1
1286,0.96,45,8700,1392,62,3,0,1,5,gas,No,No,2
1287,0.54,1,20400,2346,62,4,0,2.5,10,gas,No,No,2
1288,0.47,19,14100,1475,62,3,0,1.5,7,gas,No,No,1
1289,0.52,16,5500,1248,27,3,0,2,6,electric,No,No,1
1290,0.15,16,10000,1920,27,4,1,2.5,10,electric,No,Yes,1
1291,0.65,2,4000,2040,27,4,0,2.5,8,oil,No,No,2
1292,1.34,15,75700,2649,21,3,1,3,7,electric,Yes,No,2
1293,0.17,105,4100,1500,64,3,0,1,6,oil,No,No,1
1294,0.53,1,233000,3163,64,4,1,2.5,10,gas,No,Yes,2
1295,0.14,18,19600,1343,64,2,1,1.5,4,gas,No,No,1
1296,0.46,17,36600,1573,64,3,1,2,5,gas,No,No,2
1297,0.09,18,20500,1270,64,3,1,1.5,4,electric,No,No,1
1298,0.41,14,26700,1316,64,3,0,1.5,8,gas,No,No,1
1299,0.48,11,47400,3092,64,4,1,2.5,11,gas,No,No,2
1300,0.44,7,24200,1328,64,3,1,2.5,8,gas,No,No,2
1301,0.42,14,28500,2560,64,4,1,2.5,12,oil,No,No,2
1302,0.12,17,16800,1343,64,2,1,2.5,6,gas,No,No,1
1303,0.46,1,3200,3250,64,4,1,3,12,gas,No,Yes,2
1304,0.35,1,233000,3086,64,3,1,2.5,8,gas,No,Yes,2
1305,0.66,155,25200,1080,64,2,1,1,3,oil,No,No,1
1306,0.13,16,18200,1120,64,2,1,1.5,6,gas,No,No,1
1307,0.46,1,70100,2876,64,5,1,3.5,12,gas,No,No,2
1308,0.01,19,9900,1281,64,2,0,2.5,3,electric,No,No,1
1309,0.62,9,57800,2900,64,4,1,2.5,10,gas,No,No,2
1310,0.08,18,20400,1512,64,2,1,1.5,7,gas,No,No,1
1311,0.58,1,233000,2879,64,4,1,2.5,9,gas,No,Yes,2
1312,0.69,3,43700,2537,64,4,1,2,11,gas,No,No,2
1313,0.35,37,23500,1056,64,3,0,1,4,gas,No,No,1
1314,0.14,16,19600,1296,64,2,1,1.5,6,gas,No,No,1
1315,0.13,18,20900,1512,64,2,1,1.5,3,electric,No,No,1
1316,0.47,27,32000,1338,64,3,1,2,7,oil,No,No,1
1317,0.33,10,35400,2368,64,4,1,2.5,7,gas,No,No,2
1318,0.46,8,25100,1528,64,3,0,2.5,4,gas,No,No,2
1319,0.89,27,30900,1857,64,4,1,2.5,8,gas,No,No,2
1320,0.49,0,233000,3320,64,4,1,2.5,12,gas,No,Yes,2
1321,0.46,14,36600,2227,64,4,1,2.5,10,gas,No,No,2
1322,0.13,6,46500,2742,64,4,1,2.5,11,gas,No,No,2
1323,0.5,9,37800,2988,64,5,1,2.5,11,gas,No,No,2
1324,0.35,17,37000,1656,64,3,1,1.5,8,gas,No,No,1
1325,0.01,9,28400,1760,64,3,1,2.5,5,gas,No,No,2
1326,0.38,39,25000,1702,64,4,1,1.5,8,gas,No,No,2
1327,0.37,38,24500,1682,64,3,1,1.5,4,gas,No,No,2
1328,0.21,17,28800,1180,64,2,1,1.5,4,gas,No,No,1
1329,0.64,3,153800,2885,64,4,1,2.5,10,gas,No,No,2
1330,0.02,20,14900,1281,64,2,0,2.5,3,electric,No,No,1
1331,0.24,18,29500,1596,64,3,1,2,4,gas,No,No,2
1332,0.16,21,15100,1184,40,3,0,2,4,electric,No,No,1
1333,0.46,1,108900,2745,40,4,1,3,8,gas,No,Yes,2
1334,0.46,1,108900,2680,40,4,1,2.5,11,gas,No,Yes,2
1335,0.35,1,108900,2483,40,3,1,2.5,10,gas,No,Yes,2
1336,0.92,19,25000,1188,40,3,0,1,4,oil,No,No,1
1337,0.3,1,108900,2366,40,4,1,3,7,gas,No,Yes,2
1338,0.31,19,27000,1508,40,3,1,1.5,4,gas,No,No,1
1339,1,50,20500,792,40,2,0,1,4,oil,No,No,1
1340,0.44,1,108900,3285,40,4,1,2.5,10,gas,No,No,2
1341,0.15,18,15100,1673,40,2,0,2,5,gas,No,No,1
1342,0.33,7,26000,2000,64,4,0,2.5,7,gas,No,No,2
1343,0.33,18,27000,1561,40,3,1,1.5,4,electric,No,No,2
1344,0.4,1,108900,2828,40,4,1,3,9,gas,No,Yes,2
1345,0.16,18,15100,1592,40,3,0,1.5,8,electric,No,No,1
1346,0.16,18,15100,1184,40,3,0,2,8,electric,No,No,1
1347,0.17,14,10200,1708,40,2,1,2,4,oil,No,No,2
1348,0.17,26,15200,1276,40,2,1,2,6,electric,No,No,1
1349,0.15,20,15100,1184,40,2,0,1.5,3,electric,No,No,1
1350,0.17,21,15800,908,40,2,0,1,5,electric,No,No,1
1351,0.95,15,32800,1612,64,3,1,2,6,gas,No,No,2
1352,0.16,19,15700,912,40,2,1,1.5,3,electric,No,No,1
1353,0.33,17,27000,1508,40,3,1,1.5,6,electric,No,No,2
1354,0.16,18,15100,1492,40,3,0,2.5,6,electric,No,No,1
1355,0.1,25,6000,874,40,3,1,1,5,electric,No,No,2
1356,0.59,33,26400,1573,64,4,1,2.5,6,gas,No,No,2
1357,0.24,115,7200,1227,64,3,1,1,5,gas,No,No,1
1358,0.53,13,31300,2494,64,3,1,2.5,7,gas,No,No,2
1359,0.17,21,15800,912,40,2,0,1.5,7,electric,No,No,1
1360,0.15,20,15700,988,40,2,0,1,7,electric,No,No,1
1361,0.54,1,108900,2762,40,4,1,3,9,gas,No,Yes,2
1362,0.64,33,26500,2625,64,4,1,2.5,10,gas,No,No,2
1363,0.47,28,24600,1222,64,2,0,1,6,electric,No,No,2
1364,0.49,1,108900,3144,40,4,1,2.5,10,gas,No,Yes,2
1365,0.45,16,25000,1173,40,3,1,1,5,gas,No,No,1
1366,0.17,21,15800,908,40,2,0,1,3,electric,No,No,1
1367,0.92,16,32700,2274,64,4,1,2.5,10,gas,No,No,2
1368,0.16,18,15700,908,40,2,0,1,4,gas,No,No,1
1369,0.43,16,25000,1540,40,3,0,1.5,6,gas,No,No,2
1370,0.49,28,24900,1196,64,4,1,2,7,gas,No,No,2
1371,0.45,16,25000,1780,40,3,1,1.5,9,gas,No,No,2
1372,0.34,1,108900,2670,40,4,1,3,8,gas,No,Yes,2
1373,0.34,26,27000,1581,40,3,1,1.5,5,gas,No,No,2
1374,0.15,18,15100,1592,40,3,0,1.5,7,electric,No,No,1
1375,0.37,14,31200,2011,40,4,1,2.5,8,gas,No,No,2
1376,0.27,105,56500,1391,40,2,1,1,4,electric,Yes,No,2
1377,1.08,15,21100,2636,40,4,3,2.5,8,gas,No,No,2
1378,0.31,19,27000,1656,40,3,1,1.5,6,electric,No,No,2
1379,0.04,130,2400,1518,64,3,0,1,8,gas,No,No,1
1380,0.41,84,18200,1182,64,3,1,1.5,8,oil,No,No,1
1381,0.44,9,26000,1836,64,3,0,2.5,8,gas,No,No,2
1382,0.62,14,31600,1529,64,2,1,2,6,gas,No,No,2
1383,0.37,0,108900,2715,40,4,1,3,10,gas,No,Yes,2
1384,0.16,21,15100,1184,40,2,0,1.5,3,electric,No,No,1
1385,0.75,14,3700,1120,36,3,0,1.5,6,oil,No,No,1
1386,0.15,15,2500,1008,36,3,0,1,4,gas,No,No,1
1387,0.37,18,2500,1008,36,3,0,1,7,electric,No,No,1
1388,0.41,57,4800,2077,36,3,1,2,7,oil,No,No,2
1389,1.61,26,4500,1572,36,3,0,1.5,4,electric,No,No,2
1390,0.63,34,5000,1874,36,4,0,1.5,9,oil,No,No,1
1391,0.11,50,1300,768,36,2,0,1,6,gas,No,No,1
1392,0.29,3,3800,1552,36,3,1,2.5,5,gas,No,No,1
1393,1,1,3400,2331,36,4,1,2.5,8,gas,No,No,2
1394,0.36,48,3600,960,36,2,0,1,3,gas,No,No,1
1395,0.36,19,13000,1720,64,3,0,1.5,9,electric,No,No,2
1396,0.34,20,13000,1437,64,3,0,1.5,8,electric,No,No,2
1397,0.34,19,13000,1510,64,3,0,2,8,oil,No,No,1
1398,0.72,21,26000,3021,28,4,1,2.5,11,electric,No,No,2
1399,0.35,12,13000,1960,64,4,0,2.5,8,gas,No,No,2
1400,0.39,11,13000,2112,64,3,1,2.5,10,gas,No,No,2
1401,0.38,0,13000,2917,64,4,1,3,10,gas,No,No,2
1402,0.16,21,15700,912,40,2,1,1.5,4,electric,No,No,1
1403,0.37,1,108900,2244,40,3,1,2.5,10,gas,No,Yes,2
1404,0.15,18,15100,1202,40,2,0,1.5,4,electric,No,No,1
1405,0.34,19,27000,2601,40,4,1,2.5,10,gas,No,No,2
1406,0.81,1,108900,2492,40,3,1,2.5,9,gas,No,Yes,2
1407,0.3,1,108900,2680,40,4,0,2.5,11,gas,No,Yes,2
1408,0.35,1,108900,2271,40,3,1,2.5,6,gas,No,Yes,2
1409,0.33,17,27000,2012,40,3,1,3,6,electric,No,No,2
1410,0.09,13,6700,920,40,3,0,1,8,electric,No,No,1
1411,1.94,5,110000,2111,40,3,1,2,9,gas,No,No,2
1412,0.15,20,15100,1184,40,3,1,2,4,gas,No,No,1
1413,0.32,1,108900,2627,40,4,1,3,10,gas,No,Yes,2
1414,0.39,1,108900,2641,40,4,1,3,9,gas,No,Yes,2
1415,0.51,25,25000,1736,40,3,1,1.5,8,gas,No,No,2
1416,0.31,19,27000,1656,40,3,1,1.5,7,electric,No,No,2
1417,0.15,22,15100,1168,40,3,1,1.5,6,electric,No,No,1
1418,0.15,18,15100,1385,40,2,1,1.5,3,gas,No,No,1
1419,0.18,85,3600,969,64,2,0,1,4,oil,No,No,1
1420,0.32,17,27000,1508,40,3,1,1.5,6,gas,No,No,2
1421,0.14,26,15100,1602,40,2,1,1.5,7,gas,No,No,1
1422,0.17,19,15800,912,40,2,1,1.5,4,electric,No,No,1
1423,0.15,18,15100,1128,40,2,0,1.5,3,electric,No,No,1
1424,0.16,18,15100,1514,40,3,1,1.5,5,electric,No,No,1
1425,0.37,19,27000,1535,40,3,0,2,5,electric,No,No,2
1426,0.45,1,108900,2722,40,4,0,3,9,gas,No,Yes,2
1427,0.44,1,108900,2711,40,4,1,2.5,9,gas,No,Yes,2
1428,0.88,1,108900,3020,40,4,1,3,11,gas,No,Yes,2
1429,0.5,1,108900,2712,40,4,0,2.5,10,gas,No,Yes,2
1430,1,19,21400,2556,64,4,1,2.5,8,electric,No,No,2
1431,0.17,21,15200,1184,40,3,0,2,4,electric,No,No,1
1432,0.16,21,15700,912,40,2,1,1.5,3,gas,No,No,1
1433,0.32,18,27000,2212,40,4,1,2.5,10,gas,No,No,2
1434,0.09,25,15100,1602,40,2,1,1.5,3,gas,No,No,1
1435,0.47,1,108900,3285,40,4,1,3,12,gas,No,Yes,2
1436,0.15,20,15100,1406,40,2,0,1.5,3,electric,No,No,1
1437,0.34,20,27000,1472,40,3,1,2,6,gas,No,No,2
1438,0.17,57,10200,1072,40,2,0,1,6,oil,No,No,1
1439,0.48,15,30000,2504,64,5,1,2.5,10,gas,No,No,2
1440,0.16,18,15100,1184,40,2,0,1.5,3,electric,No,No,1
1441,0.15,20,15700,912,40,2,1,1.5,5,electric,No,No,1
1442,0.54,10,30000,2120,40,3,0,2.5,7,gas,No,No,2
1443,0.53,1,108900,3344,40,4,1,3.5,11,gas,No,Yes,2
1444,0.4,25,27000,2243,40,3,1,2.5,6,electric,No,No,2
1445,0.16,21,15700,908,40,2,0,1,3,electric,No,No,1
1446,0.55,1,108900,2714,40,4,0,3,12,gas,No,Yes,2
1447,0.33,18,27000,1360,40,3,1,1.5,8,electric,No,No,2
1448,0.47,27,24600,1719,64,3,1,1.5,5,electric,No,No,2
1449,0.48,28,24800,1404,64,3,1,1.5,6,electric,No,No,1
1450,0.56,0,108900,2134,40,4,1,2.5,9,gas,No,Yes,2
1451,0.17,20,15800,912,40,2,0,1.5,6,electric,No,No,1
1452,0.34,9,30000,1423,40,3,1,1.5,8,electric,No,No,2
1453,0.33,10,30000,2044,40,3,0,2,5,gas,No,No,2
1454,0.85,28,3900,896,36,2,0,1,4,oil,No,No,1
1455,0.37,55,4600,1380,36,3,1,1.5,6,oil,No,No,1
1456,0.34,41,3500,960,36,3,0,1,7,gas,No,No,1
1457,0.14,44,2400,840,36,2,0,1,4,gas,No,No,1
1458,0.54,35,5700,1820,36,4,0,1.5,8,gas,No,No,1
1459,0.92,19,5000,2144,36,3,1,2.5,8,oil,No,No,2
1460,0.1,17,5100,1610,36,3,0,2,8,gas,No,No,2
1461,0.75,6,1700,1752,36,3,0,2.5,7,gas,No,No,2
1462,0.38,36,3300,1729,36,4,1,1.5,8,gas,No,No,1
1463,0.59,37,4400,1056,36,3,0,1,6,gas,No,No,1
1464,0.42,21,12250,1292,64,3,0,1.5,6,electric,No,No,1
1465,0.41,35,7200,832,64,3,0,1,8,oil,No,No,1
1466,0.36,0,13000,2256,64,4,1,2.5,8,gas,No,Yes,2
1467,0.48,20,10000,1274,64,3,1,2,4,electric,No,No,2
1468,0.52,18,13000,1608,64,3,0,2.5,4,electric,No,No,2
1469,0.36,13,13000,1868,64,3,1,2.5,9,gas,No,No,2
1470,0.35,21,36500,1554,64,3,0,1,4,electric,No,No,1
1471,0.56,34,30800,3604,64,6,1,3.5,12,gas,No,No,2
1472,0.49,41,28600,1887,64,4,1,2.5,8,gas,No,No,2
1473,2,52,84000,1326,64,3,0,1,7,oil,No,No,2
1474,0.49,30,28600,1876,64,3,1,2.5,6,gas,No,No,2
1475,0.4,34,30000,1672,64,3,1,0,5,gas,No,No,1
1476,0.57,35,34900,2064,64,4,1,2.5,6,gas,No,No,1
1477,0.21,19,19100,1138,64,2,1,1,4,electric,No,No,1
1478,1,19,36000,1814,64,3,1,1.5,7,gas,No,No,2
1479,0.32,28,35000,2380,64,4,1,1.5,10,electric,No,No,2
1480,0.2,24,14000,976,64,2,0,2,3,electric,No,No,1
1481,1,21,116300,2886,64,4,2,2.5,9,gas,No,No,2
1482,0.55,8,19300,2483,64,4,1,2.5,10,gas,No,No,2
1483,0.45,35,32300,1846,64,3,1,1.5,6,gas,No,No,2
1484,0.49,17,36900,2592,64,4,1,2.5,12,gas,No,No,2
1485,0.63,21,39100,1792,64,3,0,1.5,9,electric,No,No,2
1486,0.47,35,27800,2588,64,4,1,2.5,10,gas,No,No,2
1487,0.81,53,21600,1210,64,3,0,1,7,gas,No,No,1
1488,0.09,26,17600,1290,64,2,1,1.5,3,gas,No,No,1
1489,0.79,11,86900,2444,75,4,1,3,11,gas,No,No,2
1490,0.46,34,27400,2376,64,4,2,2.5,9,gas,No,No,2
1491,0.09,20,17600,1480,64,3,0,1.5,4,gas,No,No,1
1492,0.08,22,17200,1375,64,2,0,1.5,4,gas,No,No,1
1493,0.44,40,26600,2676,64,4,1,2.5,11,gas,No,No,2
1494,0.3,32,24500,1778,64,3,1,1.5,6,gas,No,No,2
1495,0.6,28,28800,2570,64,5,1,2.5,12,gas,No,No,2
1496,0.57,9,34900,1272,64,2,0,1.5,6,gas,No,No,2
1497,0.29,30,23900,1852,64,3,1,1.5,6,gas,No,No,2
1498,0.61,10,34700,2298,64,4,1,2.5,9,gas,No,No,2
1499,0.5,7,17500,2259,64,4,1,2.5,9,gas,No,No,2
1500,0.59,38,31700,2426,64,4,1,2.5,7,gas,No,No,2
1501,0.14,20,18400,1480,64,3,1,1.5,5,gas,No,No,1
1502,0.17,20,18700,1244,64,2,0,2,6,gas,No,No,1
1503,0.17,22,18700,1479,64,3,0,1.5,4,gas,No,No,1
1504,0.7,15,40000,2358,64,4,0,2.5,7,gas,No,No,2
1505,0.46,33,32700,1453,64,4,1,2,9,gas,No,No,2
1506,0.35,40,27800,2080,64,4,1,1.5,10,gas,No,No,1
1507,6.15,64,73500,1960,64,3,1,1.5,9,oil,No,No,1
1508,0.44,3,13200,2600,64,4,1,2.5,10,gas,No,No,2
1509,0.85,18,40800,1897,64,4,1,2.5,7,gas,No,No,2
1510,0.47,37,27800,1872,64,4,1,2.5,9,gas,No,No,2
1511,0.06,27,16400,1260,64,2,1,1.5,6,gas,No,No,1
1512,0.21,21,14700,1228,64,3,1,1.5,5,gas,No,No,1
1513,0.5,35,34500,1956,64,4,0,2,7,gas,No,No,2
1514,0.05,19,16000,1480,64,3,0,2.5,6,gas,No,No,1
1515,0.35,42,27800,1793,64,4,1,1.5,9,gas,No,No,2
1516,0.73,34,35700,2078,64,4,1,1.5,6,gas,No,No,2
1517,0.69,26,27900,1666,64,3,1,1.5,4,gas,No,No,2
1518,0.46,21,27400,2378,64,3,1,2.5,9,gas,No,No,2
1519,0.06,27,16400,1452,64,3,1,1.5,5,gas,No,No,1
1520,0.28,22,32000,1792,64,3,1,1.5,5,electric,No,No,2
1521,0.92,16,35900,2290,75,4,1,2,7,oil,No,No,2
1522,0.17,1,116700,3511,64,4,1,2.5,12,gas,No,No,2
1523,0.41,39,30500,1922,64,4,0,1.5,9,gas,No,No,2
1524,0.5,20,29000,2263,64,4,1,2.5,11,gas,No,No,2
1525,0.41,35,30500,1672,64,4,0,1.5,6,gas,No,No,1
1526,0.26,30,21900,1902,64,3,1,1.5,5,gas,No,No,2
1527,0.06,20,16400,1479,64,2,1,1.5,7,gas,No,No,1
1528,0.12,20,18200,1314,64,2,1,1.5,5,electric,No,No,1
1529,0.17,18,18700,1302,64,2,0,1.5,4,electric,No,No,1
1530,0.67,40,34100,2310,64,5,1,2.5,10,gas,No,No,2
1531,0.66,9,75800,2880,64,4,1,2.5,11,gas,No,No,2
1532,5.65,53,69400,1948,64,2,1,1.5,5,oil,No,No,2
1533,0.67,16,39600,1613,64,3,1,1.5,8,gas,No,No,2
1534,0.7,16,35000,2803,64,4,1,3,10,gas,No,No,2
1535,0.07,20,16800,1479,64,3,1,1.5,4,electric,No,No,1
1536,0.48,27,62000,2147,64,4,1,2.5,10,gas,No,No,2
1537,0.06,20,16400,1314,64,2,1,1.5,4,electric,No,No,1
1538,0.43,7,39000,2330,64,4,1,2.5,7,gas,No,No,2
1539,0.93,13,38300,1352,64,3,0,1,8,gas,No,No,1
1540,0.08,34,37300,2276,64,5,1,2.5,10,gas,No,No,2
1541,0.5,18,63500,2162,64,4,1,2.5,9,gas,No,No,2
1542,0.49,19,62800,2091,64,4,1,2.5,8,gas,No,No,2
1543,0.65,37,33500,2564,64,4,1,2.5,8,gas,No,No,2
1544,0.31,33,25100,2050,64,4,0,1.5,9,gas,No,No,2
1545,0.76,38,35300,1768,64,3,0,2,5,gas,No,No,2
1546,0.46,18,60500,2497,64,3,1,2.5,9,gas,No,No,2
1547,0.07,26,16800,1290,64,2,1,1.5,7,gas,No,No,1
1548,0.4,149,28000,1776,64,3,0,2,8,oil,No,No,1
1549,0.07,21,16800,1480,64,3,0,1.5,6,electric,No,No,1
1550,0.41,21,25400,1910,64,4,0,2.5,6,gas,No,No,2
1551,4.2,29,70500,2828,64,3,1,2.5,10,electric,No,No,2
1552,0.46,3,16100,2535,64,4,1,2.5,10,gas,No,No,2
1553,0.46,36,27400,2576,64,4,1,2.5,12,gas,No,No,2
1554,0.4,21,28000,1500,64,3,0,1.5,7,gas,No,No,2
1555,0.14,20,18400,1480,64,3,0,1.5,8,electric,No,No,1
1556,0.57,16,68800,2250,64,3,1,2.5,8,gas,No,No,2
1557,0.47,19,36600,1831,64,3,1,2,5,gas,No,No,2
1558,0.49,19,62800,2214,64,4,1,2.5,10,gas,No,No,2
1559,0.46,31,32700,1846,64,3,0,1.5,7,gas,No,No,2
1560,0.05,19,16000,1302,64,2,0,1.5,6,gas,No,No,1
1561,0.55,33,50300,2212,64,4,1,2.5,9,gas,No,No,2
1562,0.34,40,39000,1783,64,4,1,2.5,10,gas,No,No,2
1563,0.1,21,18000,1480,64,2,1,1.5,7,electric,No,No,1
1564,0.15,37,38800,1794,64,3,0,2,6,oil,No,No,2
1565,0.3,32,24500,1918,64,4,1,1.5,6,gas,No,No,2
1566,0.07,21,16800,1480,64,3,1,1.5,8,gas,No,No,1
1567,0.45,35,32300,1756,64,4,1,1.5,7,gas,No,No,2
1568,0.91,17,77200,2499,64,4,1,3,7,gas,No,No,2
1569,0.56,34,30800,2310,64,5,1,3,8,gas,No,No,2
1570,0.56,0,37900,2950,64,4,1,2.5,12,gas,No,No,2
1571,0.6,20,71000,2702,64,4,3,2.5,10,gas,No,No,2
1572,0.3,15,34000,2288,64,3,1,2.5,8,gas,No,No,2
1573,0.42,35,30900,1838,64,4,0,1.5,7,gas,No,No,2
1574,0.42,27,25800,2310,64,4,1,2.5,10,gas,No,No,2
1575,0.33,85,24600,1152,52,3,0,1,6,electric,No,No,1
1576,0.34,22,22600,1577,64,3,0,2,8,gas,No,No,2
1577,0.54,19,30200,2175,64,4,1,2.5,10,gas,No,No,2
1578,0.29,23,19500,1375,64,2,0,1.5,4,gas,No,No,1
1579,0.37,27,23800,1616,64,3,1,3,8,gas,No,No,2
1580,0.54,38,34700,1954,64,4,1,2,10,gas,No,No,2
1581,0.61,34,32300,2728,64,4,1,2.5,10,gas,No,No,2
1582,0.64,35,33200,2553,64,4,1,2.5,9,gas,No,No,2
1583,0.34,3,11900,1963,64,4,1,2.5,8,gas,No,No,2
1584,0.45,43,27000,2564,64,4,1,2.5,11,gas,No,No,2
1585,0.33,19,35500,1792,64,3,1,1.5,7,gas,No,No,2
1586,0.35,40,27800,1663,64,3,1,1,8,gas,No,No,2
1587,0.49,6,17200,2070,64,4,1,2.5,6,gas,No,No,2
1588,0.46,26,48000,2588,64,4,1,2.5,12,oil,No,No,2
1589,0.54,35,30200,2276,64,5,1,2.5,9,gas,No,No,2
1590,0.48,45,28200,1732,64,4,0,2,7,gas,No,No,2
1591,0.63,39,32900,2310,64,5,1,2.5,9,gas,No,No,2
1592,0.63,38,22100,1742,52,4,1,1,10,gas,No,No,1
1593,0.41,36,25400,2802,64,4,1,2.5,8,gas,No,No,2
1594,0.46,16,36400,1902,64,4,1,2.5,6,gas,No,No,2
1595,0.46,22,48000,2030,64,4,1,2.5,10,gas,No,No,2
1596,0.57,59,29900,1498,75,2,1,1,7,gas,No,No,1
1597,0.55,20,67300,2116,64,3,1,2.5,10,gas,No,No,2
1598,0.83,37,35700,2108,64,4,1,2.5,10,gas,No,No,1
1599,0.06,16,1600,1480,40,2,1,2.5,4,gas,No,No,1
1600,0.21,1,32000,2427,40,3,0,2.5,9,gas,No,Yes,2
1601,0.31,12,10400,1348,40,2,0,2,5,gas,No,No,1
1602,0.25,13,9000,1391,40,3,0,2,8,gas,No,No,2
1603,1.4,2,74800,3422,62,4,1,4,12,gas,No,Yes,2
1604,0.51,1,74800,2686,62,4,1,3,10,gas,No,Yes,2
1605,0.15,14,5400,1034,40,2,0,1.5,3,gas,No,No,1
1606,0.29,14,9700,1072,40,2,0,1,7,gas,No,No,1
1607,0.25,12,15200,1512,40,3,0,2,8,gas,No,No,2
1608,5,17,24100,1008,40,2,0,1,5,electric,No,No,2
1609,0.06,17,1600,1480,40,3,1,1.5,5,gas,No,No,1
1610,0.51,34,16600,912,40,3,0,1,4,gas,No,No,1
1611,0.07,17,1800,1480,40,3,1,1.5,7,gas,No,No,1
1612,1.25,16,11900,1558,62,3,1,2,7,electric,No,No,2
1613,0.04,0,74800,2648,62,4,1,2.5,11,gas,No,Yes,2
1614,0.39,26,9800,2248,40,4,0,1,10,gas,No,No,1
1615,0.73,85,16400,1461,40,3,0,1,6,oil,No,No,1
1616,0.23,11,7700,1470,40,3,1,2.5,8,gas,No,No,2
1617,0.5,8,4000,1900,40,3,0,1.5,6,gas,No,No,2
1618,0.1,8,13000,2054,62,4,0,2.5,6,gas,No,No,2
1619,0.07,16,1800,1480,40,2,1,2.5,4,gas,No,No,1
1620,0.24,14,8600,1822,40,3,0,2,9,gas,No,No,2
1621,0.01,12,17900,1620,62,3,1,2.5,5,gas,No,No,2
1622,0.1,14,21000,2120,62,4,0,2.5,8,gas,No,No,2
1623,0.27,1,74800,3009,62,5,1,3.5,12,gas,No,Yes,2
1624,0.45,35,9000,1791,40,4,0,1,10,gas,No,No,1
1625,0.07,16,1800,1480,40,2,1,2.5,3,electric,No,No,1
1626,1.75,14,20600,1300,40,3,0,2,4,electric,No,No,2
1627,0.07,16,1800,1480,40,3,1,1.5,5,gas,No,No,1
1628,0.02,15,9700,1876,40,3,0,2,6,gas,No,No,2
1629,0.24,13,8000,1564,40,3,0,2,5,gas,No,No,1
1630,0.28,70,9800,1248,40,3,0,1.5,4,gas,No,No,1
1631,0.11,16,2900,1480,40,2,0,2.5,4,gas,No,No,1
1632,0.55,12,19300,2281,62,4,1,2.5,7,gas,No,No,2
1633,0.4,38,8000,2395,40,3,1,1.5,6,gas,No,No,2
1634,0.05,15,16800,1915,40,4,1,2.5,10,gas,No,No,2
1635,0.3,12,10800,1400,40,3,2,1.5,4,gas,No,No,2
1636,0.37,38,9300,1104,40,4,0,1,9,gas,No,No,1
1637,0.43,14,13500,1796,40,3,1,2.5,8,gas,No,No,2
1638,0.13,15,13700,1512,40,3,0,1.5,6,gas,No,No,2
1639,0.09,95,3200,1646,40,3,0,1,5,gas,No,No,1
1640,0.5,5,4000,1868,40,3,1,2.5,7,gas,No,No,2
1641,0.19,15,6800,1301,40,3,0,1.5,4,gas,No,No,1
1642,0.95,15,11200,1652,62,3,0,2,7,electric,No,No,2
1643,0.35,33,8500,1056,62,3,0,1,7,oil,No,No,1
1644,0.51,22,15100,2312,62,3,0,1.5,10,gas,No,No,2
1645,0.48,15,19200,2072,62,3,0,2.5,5,gas,No,No,2
1646,0.46,20,7800,1200,62,2,0,1,6,electric,No,No,1
1647,0.48,33,12000,1764,62,3,1,1.5,7,oil,No,No,1
1648,0.02,17,20100,960,62,3,0,1,4,gas,No,No,1
1649,0.17,22,15800,988,51,2,0,2,4,gas,No,No,1
1650,0.17,19,15200,1514,51,3,0,1.5,7,electric,No,No,1
1651,0.51,13,26900,1320,61,3,0,2,7,gas,No,No,2
1652,0.69,1,83500,2719,61,3,1,2,9,gas,No,Yes,2
1653,0.61,11,41700,1796,61,3,1,2.5,6,gas,No,No,2
1654,0.38,4,53900,1709,61,3,1,2.5,5,gas,No,No,2
1655,0.4,1,233000,3008,61,4,1,2.5,11,gas,No,Yes,2
1656,0.42,71,18600,1350,61,3,0,1,5,oil,No,No,1
1657,0.47,20,20000,1200,61,3,0,1.5,7,electric,No,No,2
1658,0.47,3,53900,1857,61,3,1,2.5,6,gas,No,No,2
1659,0.66,15,31200,2305,51,4,1,2.5,11,gas,No,No,2
1660,0.49,1,15000,2184,51,3,1,2.5,10,gas,No,Yes,2
1661,0.32,116,16400,1668,51,3,0,2,7,gas,No,No,2
1662,0.44,1,108900,2712,51,4,1,2.5,12,gas,No,Yes,2
1663,0.16,20,15700,912,51,2,0,1.5,3,electric,No,No,1
1664,0.34,21,27000,1508,51,3,0,1.5,4,electric,No,No,2
1665,0.46,28,24500,1232,61,3,1,1,6,electric,No,No,1
1666,0.36,106,35900,1836,51,4,1,1.5,6,gas,No,No,2
1667,0.16,176,46200,4486,51,6,1,4,12,gas,No,No,2
1668,4.21,38,70400,2204,51,3,2,2,8,oil,No,No,2
1669,0.16,19,15100,1184,51,3,0,2,7,gas,No,No,1
1670,0.49,1,15000,2184,51,3,1,2.5,8,gas,No,Yes,2
1671,0.32,116,16400,1668,51,3,0,2,5,gas,No,No,2
1672,0.44,1,108900,2712,51,4,1,2.5,11,gas,No,Yes,2
1673,0.16,20,15700,912,51,2,0,1.5,5,electric,No,No,1
1674,0.34,21,27000,1508,51,3,0,1.5,4,electric,No,No,2
1675,0.46,28,24500,1232,61,3,1,1,4,electric,No,No,1
1676,0.32,15,4650,960,61,3,0,1,4,electric,No,No,1
1677,0.36,106,35900,1836,51,4,1,1.5,8,gas,No,No,2
1678,0.87,12,56300,1836,61,4,1,1.5,6,gas,No,No,2
1679,0.34,42,27100,1803,61,4,0,1.5,6,gas,No,No,2
1680,0.17,9,20400,1463,61,3,1,2,8,gas,No,No,2
1681,0.07,27,16800,1290,61,2,1,1.5,7,gas,No,No,1
1682,0.53,38,29900,2310,61,5,1,2.5,10,gas,No,No,2
1683,0.43,40,26200,1664,61,3,1,2,4,gas,No,No,2
1684,0.06,21,16400,1479,61,3,0,1.5,8,gas,No,No,1
1685,0.26,7,9100,2483,61,4,1,2.5,8,gas,No,No,2
1686,0.46,4,60500,2480,61,4,1,2.5,10,gas,No,No,2
1687,0.36,121,33000,2699,61,6,1,1,12,oil,No,No,2
1688,0.3,28,34000,1676,61,3,1,2.5,8,gas,No,No,2
1689,0.54,38,30200,2816,61,5,1,2.5,10,gas,No,No,1
1690,0.37,26,23800,1966,61,3,0,1.5,7,gas,No,No,2
1691,0.54,39,34700,2112,61,4,1,1.5,9,gas,No,No,2
1692,0.77,9,74400,2762,61,4,1,2.5,12,gas,No,No,2
1693,0.66,23,72200,2184,61,3,1,2.5,9,gas,No,No,2
1694,0.07,22,16800,1480,61,3,0,1.5,7,electric,No,No,1
1695,0.53,39,34700,1624,61,3,0,1,4,gas,No,No,1
1696,0.54,19,30200,1650,61,3,1,2,4,gas,No,No,2
1697,1.34,34,36700,1313,61,2,0,1.5,3,electric,No,No,1
1698,0.65,19,33500,2600,61,4,1,2.5,11,gas,No,No,2
1699,0.13,22,18300,945,61,2,0,1,5,gas,No,No,1
1700,0.28,57,23200,1121,61,3,0,1.5,4,oil,No,No,1
1701,0.81,0,7300,2288,61,3,1,2.5,8,gas,No,Yes,2
1702,0.41,5,43400,2718,61,4,1,2.5,12,gas,No,No,2
1703,0.58,42,31400,2464,61,4,1,2.5,8,gas,No,No,2
1704,0.43,41,45800,2426,61,4,2,2,7,gas,No,No,2
1705,0.38,32,24200,2310,61,5,1,2.5,11,gas,No,No,2
1706,0.94,37,36200,2564,61,4,1,2.5,11,gas,No,No,2
1707,0.39,9,20400,1099,51,2,0,1,3,gas,No,No,1
1708,0.24,48,16800,1225,51,3,1,1,7,gas,No,No,1
1709,0.59,86,26000,1959,51,3,0,1,6,gas,No,No,1
